,anomaly
0,45.605164
1,45.69214
2,45.637207
3,45.600586
4,45.57312
5,45.563965
6,45.60974
7,45.582275
8,45.586853
9,45.559387
10,45.59601
11,45.61432
12,45.527344
13,45.504456
14,45.449524
15,45.559387
16,45.600586
17,45.59601
18,45.550232
19,45.486145
20,45.486145
21,45.559387
22,45.545654
23,45.509033
24,45.4541
25,45.472412
26,45.545654
27,45.55481
28,45.541077
29,45.522766
30,45.600586
31,45.582275
32,45.61432
33,45.577698
34,45.563965
35,45.67383
36,45.68756
37,45.600586
38,45.582275
39,45.655518
40,45.655518
41,45.59601
42,45.600586
43,45.61432
44,45.63263
45,45.63263
46,45.59601
47,45.563965
48,45.522766
49,45.582275
50,45.563965
51,45.577698
52,45.623474
53,45.61432
54,45.618896
55,45.65094
56,45.60974
57,45.664673
58,45.742493
59,45.760803
60,45.737915
61,45.715027
62,45.682983
63,45.655518
64,45.600586
65,45.4953
66,45.467834
67,45.43579
68,45.53192
69,45.623474
70,45.55481
71,45.481567
72,45.371704
73,45.37628
74,45.55481
75,45.637207
76,45.678406
77,45.696716
78,45.637207
79,45.57312
80,45.582275
81,45.646362
82,45.63263
83,45.623474
84,45.472412
85,45.4541
86,45.51819
87,45.490723
88,45.47699
89,45.472412
90,45.55481
91,45.59601
92,45.600586
93,45.69214
94,45.742493
95,45.66925
96,45.509033
97,45.545654
98,45.59601
99,45.646362
100,45.605164
101,45.62805
102,45.59143
103,45.527344
104,45.559387
105,45.637207
106,45.655518
107,45.60974
108,45.563965
109,45.605164
110,45.568542
111,45.559387
112,45.563965
113,45.600586
114,45.51361
115,45.53192
116,45.59601
117,45.527344
118,45.522766
119,45.4953
120,45.47699
121,45.463257
122,45.522766
123,45.527344
124,45.51361
125,45.4953
126,45.527344
127,45.504456
128,45.51819
129,45.541077
130,45.545654
131,45.600586
132,45.66925
133,45.563965
134,45.53192
135,45.522766
136,45.586853
137,45.623474
138,45.67383
139,45.63263
140,45.67383
141,45.60974
142,45.655518
143,45.67383
144,45.66925
145,45.618896
146,45.696716
147,45.66925
148,45.586853
149,45.550232
150,45.577698
151,45.66925
152,45.682983
153,45.563965
154,45.481567
155,45.504456
156,45.504456
157,45.47699
158,45.563965
159,45.59601
160,45.61432
161,45.67383
162,45.637207
163,45.65094
164,45.67383
165,45.655518
166,45.568542
167,45.57312
168,45.582275
169,45.623474
170,45.61432
171,45.563965
172,45.563965
173,45.582275
174,45.637207
175,45.600586
176,45.63263
177,45.76538
178,45.701294
179,45.577698
180,45.65094
181,45.66925
182,45.71045
183,45.641785
184,45.568542
185,45.563965
186,45.67383
187,45.641785
188,45.577698
189,45.541077
190,45.541077
191,45.527344
192,45.527344
193,45.577698
194,45.527344
195,45.559387
196,45.559387
197,45.522766
198,45.4953
199,45.527344
200,45.449524
201,45.4541
202,45.600586
203,45.586853
204,45.467834
205,45.38086
206,45.51361
207,45.53192
208,45.568542
209,45.541077
210,45.522766
211,45.527344
212,45.60974
213,45.61432
214,45.586853
215,45.545654
216,45.600586
217,45.71045
218,45.760803
219,45.70587
220,45.71045
221,45.600586
222,45.5365
223,45.600586
224,45.568542
225,45.586853
226,45.65094
227,45.660095
228,45.66925
229,45.74707
230,45.67383
231,45.605164
232,45.582275
233,45.577698
234,45.55481
235,45.55481
236,45.541077
237,45.600586
238,45.522766
239,45.522766
240,45.57312
241,45.53192
242,45.545654
243,45.60974
244,45.605164
245,45.600586
246,45.600586
247,45.545654
248,45.4953
249,45.637207
250,45.70587
251,45.737915
252,45.678406
253,45.600586
254,45.582275
255,45.701294
256,45.838623
257,45.78369
258,45.678406
259,45.71045
260,45.618896
261,45.60974
262,45.65094
263,45.678406
264,45.67383
265,45.65094
266,45.618896
267,45.65094
268,45.637207
269,45.67383
270,45.664673
271,45.637207
272,45.59601
273,45.559387
274,45.582275
275,45.67383
276,45.655518
277,45.59601
278,45.618896
279,45.646362
280,45.618896
281,45.559387
282,45.53192
283,45.59143
284,45.655518
285,45.664673
286,45.605164
287,45.600586
288,45.600586
289,45.563965
290,45.577698
291,45.577698
292,45.559387
293,45.53192
294,45.51819
295,45.53192
296,45.563965
297,45.527344
298,45.509033
299,45.472412
300,45.444946
301,45.4541
302,45.449524
303,45.42206
304,45.563965
305,45.641785
306,45.559387
307,45.472412
308,45.486145
309,45.527344
310,45.522766
311,45.600586
312,45.63263
313,45.600586
314,45.568542
315,45.582275
316,45.623474
317,45.582275
318,45.582275
319,45.65094
320,45.742493
321,45.737915
322,45.655518
323,45.655518
324,45.5365
325,45.486145
326,45.51819
327,45.582275
328,45.63263
329,45.66925
330,45.637207
331,45.600586
332,45.646362
333,45.63263
334,45.618896
335,45.618896
336,45.527344
337,45.577698
338,45.62805
339,45.59601
340,45.4953
341,45.545654
342,45.66925
343,45.724182
344,45.70587
345,45.66925
346,45.67383
347,45.68756
348,45.67383
349,45.65094
350,45.66925
351,45.67383
352,45.68756
353,45.637207
354,45.60974
355,45.60974
356,45.65094
357,45.71045
358,45.742493
359,45.696716
360,45.664673
361,45.586853
362,45.59601
363,45.61432
364,45.60974
365,45.541077
366,45.53192
367,45.541077
368,45.59601
369,45.586853
370,45.490723
371,45.37628
372,45.43579
373,45.486145
374,45.486145
375,45.509033
376,45.449524
377,45.600586
378,45.605164
379,45.59601
380,45.563965
381,45.655518
382,45.59601
383,45.545654
384,45.51361
385,45.600586
386,45.623474
387,45.60974
388,45.60974
389,45.637207
390,45.682983
391,45.724182
392,45.74707
393,45.72876
394,45.67383
395,45.60974
396,45.623474
397,45.59601
398,45.59143
399,45.59601
400,45.582275
401,45.59143
402,45.59601
403,45.563965
404,45.586853
405,45.655518
406,45.66925
407,45.637207
408,45.68756
409,45.66925
410,45.72876
411,45.66925
412,45.65094
413,45.62805
414,45.62805
415,45.715027
416,45.600586
417,45.568542
418,45.600586
419,45.568542
420,45.618896
421,45.655518
422,45.559387
423,45.59601
424,45.65094
425,45.682983
426,45.682983
427,45.66925
428,45.66925
429,45.600586
430,45.490723
431,45.431213
432,45.472412
433,45.4953
434,45.563965
435,45.527344
436,45.522766
437,45.522766
438,45.53192
439,45.545654
440,45.60974
441,45.545654
442,45.499878
443,45.582275
444,45.605164
445,45.600586
446,45.63263
447,45.664673
448,45.65094
449,45.57312
450,45.618896
451,45.715027
452,45.742493
453,45.678406
454,45.76996
455,45.74707
456,45.67383
457,45.70587
458,45.779114
459,45.733337
460,45.756226
461,45.66925
462,45.67383
463,45.67383
464,45.655518
465,45.637207
466,45.67383
467,45.67383
468,45.605164
469,45.582275
470,45.559387
471,45.527344
472,45.559387
473,45.59601
474,45.586853
475,45.51361
476,45.4953
477,45.47699
478,45.55481
479,45.582275
480,45.545654
481,45.600586
482,45.577698
483,45.550232
484,45.62805
485,45.664673
486,45.623474
487,45.60974
488,45.563965
489,45.527344
490,45.600586
491,45.541077
492,45.65094
493,45.646362
494,45.623474
495,45.59601
496,45.61432
497,45.61432
498,45.637207
499,45.522766
500,45.55481
501,45.59143
502,45.600586
503,45.559387
504,45.605164
505,45.59601
506,45.637207
507,45.618896
508,45.59601
509,45.62805
510,45.68756
511,45.72876
512,45.563965
513,45.527344
514,45.586853
515,45.67383
516,45.74707
517,45.78369
518,45.664673
519,45.67383
520,45.66925
521,45.623474
522,45.63263
523,45.550232
524,45.527344
525,45.504456
526,45.545654
527,45.486145
528,45.504456
529,45.527344
530,45.51361
531,45.51361
532,45.541077
533,45.59601
534,45.577698
535,45.385437
536,45.335083
537,45.486145
538,45.490723
539,45.4541
540,45.522766
541,45.577698
542,45.586853
543,45.541077
544,45.509033
545,45.481567
546,45.563965
547,45.66925
548,45.74707
549,45.696716
550,45.63263
551,45.605164
552,45.62805
553,45.664673
554,45.646362
555,45.71045
556,45.637207
557,45.51819
558,45.618896
559,45.71045
560,45.742493
561,45.715027
562,45.637207
563,45.66925
564,45.600586
565,45.59601
566,45.641785
567,45.66925
568,45.641785
569,45.568542
570,45.67383
571,45.74707
572,45.696716
573,45.618896
574,45.641785
575,45.664673
576,45.65094
577,45.69214
578,45.71045
579,45.682983
580,45.655518
581,45.618896
582,45.701294
583,45.66925
584,45.545654
585,45.412903
586,45.51361
587,45.62805
588,45.61432
589,45.577698
590,45.637207
591,45.76538
592,45.701294
593,45.678406
594,45.742493
595,45.70587
596,45.618896
597,45.605164
598,45.66925
599,45.57312
600,45.577698
601,45.618896
602,45.618896
603,45.60974
604,45.71045
605,45.678406
606,45.655518
607,45.61432
608,45.66925
609,45.701294
610,45.51361
611,45.44037
612,45.47699
613,45.53192
614,45.467834
615,45.522766
616,45.522766
617,45.4953
618,45.490723
619,45.545654
620,45.527344
621,45.504456
622,45.541077
623,45.59601
624,45.522766
625,45.522766
626,45.490723
627,45.527344
628,45.550232
629,45.59601
630,45.637207
631,45.641785
632,45.696716
633,45.715027
634,45.563965
635,45.545654
636,45.600586
637,45.59601
638,45.582275
639,45.550232
640,45.5365
641,45.563965
642,45.63263
643,45.600586
644,45.65094
645,45.545654
646,45.59601
647,45.59601
648,45.61432
649,45.655518
650,45.646362
651,45.600586
652,45.522766
653,45.59143
654,45.59601
655,45.582275
656,45.641785
657,45.655518
658,45.582275
659,45.527344
660,45.481567
661,45.4953
662,45.472412
663,45.550232
664,45.586853
665,45.55481
666,45.545654
667,45.563965
668,45.527344
669,45.57312
670,45.57312
671,45.527344
672,45.5365
673,45.545654
674,45.490723
675,45.499878
676,45.51819
677,45.563965
678,45.577698
679,45.545654
680,45.527344
681,45.527344
682,45.59601
683,45.577698
684,45.59601
685,45.62805
686,45.61432
687,45.660095
688,45.664673
689,45.67383
690,45.63263
691,45.600586
692,45.559387
693,45.605164
694,45.69214
695,45.69214
696,45.71045
697,45.756226
698,45.682983
699,45.63263
700,45.53192
701,45.59601
702,45.733337
703,45.742493
704,45.71045
705,45.67383
706,45.59601
707,45.59601
708,45.577698
709,45.559387
710,45.57312
711,45.660095
712,45.67383
713,45.582275
714,45.527344
715,45.499878
716,45.32135
717,45.28473
718,45.38086
719,45.431213
720,45.403748
721,45.43579
722,45.42206
723,45.527344
724,45.641785
725,45.664673
726,45.67383
727,45.724182
728,45.70587
729,45.696716
730,45.63263
731,45.637207
732,45.582275
733,45.53192
734,45.641785
735,45.70587
736,45.65094
737,45.63263
738,45.600586
739,45.57312
740,45.637207
741,45.724182
742,45.78827
743,45.815735
744,45.682983
745,45.66925
746,45.66925
747,45.67383
748,45.664673
749,45.637207
750,45.637207
751,45.568542
752,45.59143
753,45.69214
754,45.74707
755,45.719604
756,45.69214
757,45.67383
758,45.637207
759,45.586853
760,45.618896
761,45.600586
762,45.59601
763,45.637207
764,45.682983
765,45.637207
766,45.582275
767,45.637207
768,45.682983
769,45.59601
770,45.4953
771,45.51361
772,45.59601
773,45.527344
774,45.486145
775,45.45868
776,45.541077
777,45.472412
778,45.499878
779,45.527344
780,45.527344
781,45.463257
782,45.426636
783,45.504456
784,45.53192
785,45.563965
786,45.563965
787,45.504456
788,45.490723
789,45.59143
790,45.66925
791,45.655518
792,45.67383
793,45.66925
794,45.582275
795,45.63263
796,45.779114
797,45.66925
798,45.605164
799,45.527344
800,45.490723
801,45.509033
802,45.545654
803,45.664673
804,45.655518
805,45.61432
806,45.641785
807,45.67383
808,45.664673
809,45.600586
810,45.637207
811,45.67383
812,45.682983
813,45.59601
814,45.5365
815,45.59601
816,45.63263
817,45.61432
818,45.568542
819,45.637207
820,45.742493
821,45.72876
822,45.66925
823,45.66925
824,45.646362
825,45.61432
826,45.66925
827,45.71045
828,45.618896
829,45.550232
830,45.61432
831,45.61432
832,45.5365
833,45.568542
834,45.59601
835,45.57312
836,45.490723
837,45.481567
838,45.51819
839,45.66925
840,45.71045
841,45.637207
842,45.618896
843,45.600586
844,45.605164
845,45.559387
846,45.559387
847,45.61432
848,45.678406
849,45.682983
850,45.67383
851,45.637207
852,45.760803
853,45.797424
854,45.71045
855,45.637207
856,45.678406
857,45.664673
858,45.646362
859,45.637207
860,45.527344
861,45.527344
862,45.582275
863,45.600586
864,45.527344
865,45.486145
866,45.385437
867,45.348816
868,45.371704
869,45.449524
870,45.4953
871,45.44037
872,45.412903
873,45.522766
874,45.568542
875,45.522766
876,45.527344
877,45.545654
878,45.509033
879,45.472412
880,45.33966
881,45.431213
882,45.504456
883,45.527344
884,45.545654
885,45.53192
886,45.5365
887,45.66925
888,45.701294
889,45.760803
890,45.618896
891,45.545654
892,45.527344
893,45.600586
894,45.600586
895,45.637207
896,45.70587
897,45.742493
898,45.724182
899,45.67383
900,45.637207
901,45.637207
902,45.678406
903,45.760803
904,45.71045
905,45.72876
906,45.71045
907,45.68756
908,45.655518
909,45.66925
910,45.742493
911,45.74707
912,45.641785
913,45.577698
914,45.61432
915,45.61432
916,45.47699
917,45.51819
918,45.559387
919,45.59601
920,45.59601
921,45.61432
922,45.59601
923,45.660095
924,45.59601
925,45.618896
926,45.660095
927,45.67383
928,45.600586
929,45.55481
930,45.61432
931,45.74707
932,45.65094
933,45.563965
934,45.563965
935,45.472412
936,45.444946
937,45.509033
938,45.5365
939,45.472412
940,45.490723
941,45.527344
942,45.623474
943,45.568542
944,45.47699
945,45.527344
946,45.53192
947,45.559387
948,45.559387
949,45.4953
950,45.55481
951,45.61432
952,45.59601
953,45.563965
954,45.51819
955,45.509033
956,45.618896
957,45.522766
958,45.527344
959,45.568542
960,45.55481
961,45.541077
962,45.563965
963,45.618896
964,45.618896
965,45.66925
966,45.59601
967,45.646362
968,45.65094
969,45.66925
970,45.623474
971,45.63263
972,45.70587
973,45.67383
974,45.65094
975,45.618896
976,45.646362
977,45.586853
978,45.63263
979,45.62805
980,45.72876
981,45.74707
982,45.78369
983,45.724182
984,45.655518
985,45.646362
986,45.67383
987,45.72876
988,45.655518
989,45.559387
990,45.541077
991,45.600586
992,45.637207
993,45.522766
994,45.509033
995,45.472412
996,45.486145
997,45.4541
998,45.449524
999,45.4541
1000,45.499878
1001,45.490723
1002,45.541077
1003,45.5365
1004,45.545654
1005,45.568542
1006,45.541077
1007,45.51361
1008,45.51361
1009,45.577698
1010,45.563965
1011,45.53192
1012,45.51819
1013,45.481567
1014,45.499878
1015,45.577698
1016,45.582275
1017,45.577698
1018,45.4953
1019,45.51361
1020,45.63263
1021,45.600586
1022,45.582275
1023,45.60974
1024,45.600586
1025,45.577698
1026,45.623474
1027,45.70587
1028,45.67383
1029,45.655518
1030,45.62805
1031,45.545654
1032,45.550232
1033,45.605164
1034,45.61432
1035,45.63263
1036,45.568542
1037,45.655518
1038,45.563965
1039,45.582275
1040,45.59601
1041,45.618896
1042,45.67383
1043,45.71045
1044,45.701294
1045,45.67383
1046,45.715027
1047,45.74707
1048,45.66925
1049,45.637207
1050,45.637207
1051,45.664673
1052,45.618896
1053,45.600586
1054,45.61432
1055,45.59601
1056,45.527344
1057,45.504456
1058,45.51819
1059,45.490723
1060,45.563965
1061,45.682983
1062,45.655518
1063,45.600586
1064,45.563965
1065,45.55481
1066,45.66925
1067,45.742493
1068,45.74707
1069,45.71045
1070,45.69214
1071,45.67383
1072,45.67383
1073,45.618896
1074,45.70587
1075,45.76538
1076,45.696716
1077,45.646362
1078,45.69214
1079,45.618896
1080,45.618896
1081,45.655518
1082,45.637207
1083,45.68756
1084,45.78827
1085,45.779114
1086,45.67383
1087,45.600586
1088,45.527344
1089,45.522766
1090,45.637207
1091,45.660095
1092,45.59601
1093,45.568542
1094,45.637207
1095,45.701294
1096,45.67383
1097,45.60974
1098,45.59601
1099,45.527344
1100,45.51361
1101,45.57312
1102,45.582275
1103,45.59601
1104,45.637207
1105,45.641785
1106,45.62805
1107,45.577698
1108,45.577698
1109,45.541077
1110,45.486145
1111,45.51361
1112,45.4953
1113,45.563965
1114,45.586853
1115,45.605164
1116,45.664673
1117,45.760803
1118,45.69214
1119,45.467834
1120,45.367126
1121,45.426636
1122,45.44037
1123,45.522766
1124,45.582275
1125,45.60974
1126,45.67383
1127,45.67383
1128,45.63263
1129,45.70587
1130,45.76996
1131,45.742493
1132,45.737915
1133,45.646362
1134,45.61432
1135,45.682983
1136,45.724182
1137,45.74707
1138,45.68756
1139,45.59601
1140,45.618896
1141,45.67383
1142,45.802002
1143,45.802002
1144,45.682983
1145,45.71045
1146,45.742493
1147,45.815735
1148,45.696716
1149,45.724182
1150,45.733337
1151,45.637207
1152,45.618896
1153,45.67383
1154,45.66925
1155,45.618896
1156,45.59143
1157,45.63263
1158,45.682983
1159,45.74707
1160,45.724182
1161,45.63263
1162,45.582275
1163,45.60974
1164,45.66925
1165,45.655518
1166,45.600586
1167,45.568542
1168,45.59601
1169,45.63263
1170,45.67383
1171,45.682983
1172,45.646362
1173,45.59601
1174,45.568542
1175,45.522766
1176,45.5365
1177,45.563965
1178,45.57312
1179,45.509033
1180,45.541077
1181,45.527344
1182,45.522766
1183,45.541077
1184,45.522766
1185,45.527344
1186,45.527344
1187,45.522766
1188,45.522766
1189,45.527344
1190,45.541077
1191,45.563965
1192,45.541077
1193,45.527344
1194,45.504456
1195,45.559387
1196,45.582275
1197,45.582275
1198,45.59601
1199,45.563965
1200,45.568542
1201,45.568542
1202,45.618896
1203,45.586853
1204,45.568542
1205,45.62805
1206,45.641785
1207,45.641785
1208,45.65094
1209,45.655518
1210,45.67383
1211,45.641785
1212,45.637207
1213,45.563965
1214,45.59601
1215,45.63263
1216,45.600586
1217,45.637207
1218,45.78369
1219,45.797424
1220,45.751648
1221,45.67383
1222,45.664673
1223,45.71045
1224,45.71045
1225,45.756226
1226,45.74707
1227,45.71045
1228,45.63263
1229,45.67383
1230,45.67383
1231,45.66925
1232,45.66925
1233,45.66925
1234,45.67383
1235,45.67383
1236,45.69214
1237,45.655518
1238,45.63263
1239,45.61432
1240,45.63263
1241,45.66925
1242,45.69214
1243,45.641785
1244,45.69214
1245,45.623474
1246,45.71045
1247,45.70587
1248,45.59601
1249,45.559387
1250,45.563965
1251,45.563965
1252,45.59601
1253,45.61432
1254,45.61432
1255,45.682983
1256,45.719604
1257,45.696716
1258,45.742493
1259,45.72876
1260,45.600586
1261,45.63263
1262,45.715027
1263,45.67383
1264,45.664673
1265,45.66925
1266,45.67383
1267,45.678406
1268,45.724182
1269,45.62805
1270,45.527344
1271,45.563965
1272,45.59601
1273,45.600586
1274,45.600586
1275,45.563965
1276,45.527344
1277,45.57312
1278,45.490723
1279,45.481567
1280,45.563965
1281,45.522766
1282,45.486145
1283,45.53192
1284,45.527344
1285,45.577698
1286,45.600586
1287,45.481567
1288,45.426636
1289,45.467834
1290,45.509033
1291,45.57312
1292,45.67383
1293,45.57312
1294,45.57312
1295,45.51819
1296,45.545654
1297,45.5365
1298,45.527344
1299,45.55481
1300,45.53192
1301,45.618896
1302,45.618896
1303,45.600586
1304,45.618896
1305,45.59601
1306,45.637207
1307,45.68756
1308,45.802002
1309,45.724182
1310,45.71045
1311,45.715027
1312,45.70587
1313,45.701294
1314,45.68756
1315,45.74707
1316,45.71045
1317,45.682983
1318,45.600586
1319,45.618896
1320,45.67383
1321,45.623474
1322,45.61432
1323,45.61432
1324,45.67383
1325,45.68756
1326,45.71045
1327,45.600586
1328,45.563965
1329,45.577698
1330,45.522766
1331,45.486145
1332,45.527344
1333,45.527344
1334,45.5365
1335,45.541077
1336,45.605164
1337,45.59143
1338,45.563965
1339,45.504456
1340,45.504456
1341,45.467834
1342,45.449524
1343,45.481567
1344,45.527344
1345,45.541077
1346,45.527344
1347,45.431213
1348,45.449524
1349,45.51819
1350,45.600586
1351,45.59601
1352,45.4953
1353,45.664673
1354,45.66925
1355,45.70587
1356,45.72876
1357,45.696716
1358,45.655518
1359,45.63263
1360,45.696716
1361,45.67383
1362,45.655518
1363,45.62805
1364,45.4953
1365,45.53192
1366,45.5365
1367,45.486145
1368,45.449524
1369,45.490723
1370,45.577698
1371,45.637207
1372,45.623474
1373,45.600586
1374,45.59601
1375,45.59601
1376,45.678406
1377,45.59143
1378,45.586853
1379,45.586853
1380,45.577698
1381,45.660095
1382,45.66925
1383,45.618896
1384,45.637207
1385,45.655518
1386,45.660095
1387,45.72876
1388,45.70587
1389,45.577698
1390,45.522766
1391,45.59601
1392,45.70587
1393,45.80658
1394,45.78827
1395,45.774536
1396,45.664673
1397,45.550232
1398,45.568542
1399,45.637207
1400,45.61432
1401,45.70587
1402,45.724182
1403,45.742493
1404,45.66925
1405,45.62805
1406,45.660095
1407,45.792847
1408,45.760803
1409,45.637207
1410,45.577698
1411,45.51819
1412,45.577698
1413,45.618896
1414,45.682983
1415,45.61432
1416,45.586853
1417,45.63263
1418,45.68756
1419,45.66925
1420,45.68756
1421,45.815735
1422,45.838623
1423,45.678406
1424,45.59601
1425,45.600586
1426,45.600586
1427,45.568542
1428,45.527344
1429,45.559387
1430,45.59601
1431,45.600586
1432,45.522766
1433,45.449524
1434,45.527344
1435,45.499878
1436,45.57312
1437,45.550232
1438,45.527344
1439,45.618896
1440,45.701294
1441,45.76538
1442,45.802002
1443,45.696716
1444,45.646362
1445,45.641785
1446,45.600586
1447,45.618896
1448,45.559387
1449,45.499878
1450,45.504456
1451,45.582275
1452,45.618896
1453,45.582275
1454,45.582275
1455,45.541077
1456,45.55481
1457,45.559387
1458,45.563965
1459,45.623474
1460,45.59601
1461,45.563965
1462,45.527344
1463,45.545654
1464,45.623474
1465,45.66925
1466,45.67383
1467,45.637207
1468,45.67383
1469,45.63263
1470,45.63263
1471,45.664673
1472,45.682983
1473,45.724182
1474,45.76996
1475,45.78369
1476,45.71045
1477,45.67383
1478,45.67383
1479,45.774536
1480,45.742493
1481,45.751648
1482,45.856934
1483,45.856934
1484,45.78369
1485,45.829468
1486,45.84778
1487,45.815735
1488,45.78369
1489,45.71045
1490,45.701294
1491,45.67383
1492,45.637207
1493,45.646362
1494,45.67383
1495,45.623474
1496,45.63263
1497,45.71045
1498,45.637207
1499,45.541077
1500,45.527344
1501,45.586853
1502,45.600586
1503,45.582275
1504,45.577698
1505,45.51361
1506,45.577698
1507,45.605164
1508,45.59143
1509,45.67383
1510,45.678406
1511,45.724182
1512,45.760803
1513,45.74707
1514,45.69214
1515,45.63263
1516,45.641785
1517,45.76538
1518,45.78369
1519,45.811157
1520,45.696716
1521,45.71045
1522,45.72876
1523,45.719604
1524,45.65094
1525,45.637207
1526,45.618896
1527,45.53192
1528,45.59143
1529,45.600586
1530,45.559387
1531,45.545654
1532,45.563965
1533,45.53192
1534,45.527344
1535,45.4541
1536,45.463257
1537,45.4953
1538,45.47699
1539,45.481567
1540,45.486145
1541,45.53192
1542,45.53192
1543,45.490723
1544,45.490723
1545,45.490723
1546,45.47699
1547,45.522766
1548,45.577698
1549,45.577698
1550,45.60974
1551,45.61432
1552,45.559387
1553,45.63263
1554,45.637207
1555,45.66925
1556,45.66925
1557,45.655518
1558,45.605164
1559,45.600586
1560,45.67383
1561,45.660095
1562,45.59601
1563,45.664673
1564,45.664673
1565,45.660095
1566,45.751648
1567,45.756226
1568,45.655518
1569,45.522766
1570,45.51361
1571,45.527344
1572,45.577698
1573,45.577698
1574,45.577698
1575,45.701294
1576,45.69214
1577,45.71045
1578,45.618896
1579,45.545654
1580,45.582275
1581,45.600586
1582,45.550232
1583,45.559387
1584,45.559387
1585,45.60974
1586,45.682983
1587,45.70587
1588,45.59601
1589,45.545654
1590,45.5365
1591,45.522766
1592,45.67383
1593,45.68756
1594,45.65094
1595,45.65094
1596,45.618896
1597,45.600586
1598,45.563965
1599,45.559387
1600,45.637207
1601,45.66925
1602,45.69214
1603,45.600586
1604,45.600586
1605,45.637207
1606,45.701294
1607,45.67383
1608,45.737915
1609,45.641785
1610,45.637207
1611,45.67383
1612,45.660095
1613,45.637207
1614,45.335083
1615,45.412903
1616,44.941406
1617,45.34424
1618,45.298462
1619,45.270996
1620,44.808655
1621,44.707947
1622,44.33258
1623,43.69629
1624,43.934326
1625,44.09912
1626,44.0213
1627,44.21814
1628,44.131165
1629,43.719177
1630,43.476562
1631,43.256836
1632,42.890625
1633,42.41913
1634,42.094116
1635,41.00464
1636,40.180664
1637,40.427856
1638,40.583496
1639,44.016724
1640,44.0625
1641,44.33258
1642,44.767456
1643,44.057922
1644,43.76953
1645,42.272644
1646,42.675476
1647,42.76703
1648,41.613464
1649,40.75287
1650,39.66339
1651,38.120728
1652,37.5531
1653,36.678772
1654,39.727478
1655,40.4187
1656,42.45117
1657,44.0625
1658,44.712524
1659,44.68506
1660,44.60266
1661,44.346313
1662,43.42163
1663,43.119507
1664,42.799072
1665,42.478638
1666,42.74872
1667,42.799072
1668,42.176514
1669,41.462402
1670,42.382507
1671,42.08496
1672,41.631775
1673,42.506104
1674,41.997986
1675,43.238525
1676,43.275146
1677,42.49695
1678,41.99341
1679,41.48987
1680,41.169434
1681,39.80072
1682,38.354187
1683,41.631775
1684,43.233948
1685,42.757874
1686,44.108276
1687,44.21814
1688,43.916016
1689,43.682556
1690,42.506104
1691,39.86023
1692,41.58142
1693,42.121582
1694,41.206055
1695,40.30426
1696,40.03418
1697,41.132812
1698,39.544373
1699,38.262634
1700,38.509827
1701,41.09619
1702,41.27472
1703,40.446167
1704,39.66797
1705,39.288025
1706,39.109497
1707,40.679626
1708,41.52191
1709,41.846924
1710,42.1994
1711,42.963867
1712,42.25891
1713,41.975098
1714,41.691284
1715,41.650085
1716,41.553955
1717,42.57019
1718,43.17444
1719,44.735413
1720,44.978027
1721,44.62555
1722,44.744568
1723,44.87274
1724,44.749146
1725,44.60724
1726,44.70337
1727,44.318848
1728,44.204407
1729,44.68506
1730,44.616394
1731,44.497375
1732,44.35547
1733,42.693787
1734,42.70752
1735,43.224792
1736,42.92267
1737,43.09662
1738,42.423706
1739,42.446594
1740,42.9776
1741,42.872314
1742,41.824036
1743,41.306763
1744,40.09369
1745,42.08496
1746,41.572266
1747,41.064148
1748,41.09619
1749,41.95221
1750,41.627197
1751,41.590576
1752,41.361694
1753,41.975098
1754,41.979675
1755,42.680054
1756,43.16986
1757,42.487793
1758,43.508606
1759,43.659668
1760,43.801575
1761,43.842773
1762,44.149475
1763,44.057922
1764,44.245605
1765,44.58893
1766,44.808655
1767,45.083313
1768,44.91394
1769,44.556885
1770,45.431213
1771,45.060425
1772,44.83612
1773,44.31427
1774,44.15863
1775,44.72168
1776,44.442444
1777,44.465332
1778,44.76288
1779,44.712524
1780,44.689636
1781,44.87274
1782,44.813232
1783,44.48822
1784,44.552307
1785,44.62555
1786,44.579773
1787,44.538574
1788,44.60724
1789,44.424133
1790,44.62555
1791,44.323425
1792,44.067078
1793,44.318848
1794,43.73291
1795,44.263916
1796,44.424133
1797,44.442444
1798,43.86566
1799,43.60016
1800,43.87024
1801,43.220215
1802,42.483215
1803,42.886047
1804,43.046265
1805,42.487793
1806,42.41455
1807,44.35547
1808,43.76953
1809,42.643433
1810,43.07831
1811,43.13324
1812,44.424133
1813,43.467407
1814,43.224792
1815,41.883545
1816,40.725403
1817,42.052917
1818,43.76953
1819,44.58435
1820,45.01007
1821,45.678406
1822,45.838623
1823,45.8844
1824,45.829468
1825,45.834045
1826,43.42163
1827,45.563965
1828,45.802002
1829,45.78827
1830,-7.502289
1831,-7.4954224
1832,-7.5
1833,-7.502289
1834,-7.5205994
1835,-7.5
1836,-7.5068665
1837,-7.53891
1838,-7.511444
1839,-7.502289
1840,-7.502289
1841,-7.5
1842,-7.502289
1843,-7.5
1844,-7.502289
1845,-7.502289
1846,-7.502289
1847,-7.5
1848,-7.5
1849,-7.53891
1850,-7.502289
1851,-7.5
1852,-7.5205994
1853,-7.5
1854,-7.5
1855,-7.5
1856,-7.5
1857,-7.5663757
1858,45.66925
1859,45.63263
1860,45.70587
1861,45.779114
1862,45.742493
1863,45.742493
1864,45.74707
1865,45.68756
1866,45.68756
1867,45.71045
1868,45.742493
1869,45.779114
1870,45.71045
1871,45.715027
1872,45.70587
1873,45.646362
1874,45.600586
1875,45.68756
1876,45.70587
1877,45.856934
1878,45.834045
1879,45.74707
1880,45.63263
1881,45.67383
1882,45.756226
1883,45.797424
1884,45.811157
1885,45.779114
1886,45.733337
1887,45.63263
1888,45.550232
1889,45.577698
1890,45.60974
1891,45.65094
1892,45.67383
1893,45.678406
1894,45.664673
1895,45.637207
1896,45.664673
1897,45.701294
1898,45.660095
1899,45.545654
1900,45.618896
1901,45.66925
1902,45.74707
1903,45.74707
1904,45.600586
1905,45.527344
1906,45.618896
1907,45.646362
1908,45.618896
1909,45.527344
1910,45.618896
1911,45.67383
1912,45.69214
1913,45.655518
1914,45.60974
1915,45.646362
1916,45.65094
1917,45.67383
1918,45.65094
1919,45.67383
1920,45.57312
1921,45.600586
1922,45.637207
1923,45.67383
1924,45.65094
1925,45.678406
1926,45.701294
1927,45.678406
1928,45.74707
1929,45.78369
1930,45.605164
1931,45.527344
1932,45.509033
1933,45.55481
1934,45.61432
1935,45.660095
1936,45.76996
1937,45.834045
1938,45.733337
1939,45.59601
1940,45.550232
1941,45.59601
1942,45.600586
1943,45.586853
1944,45.71045
1945,45.67383
1946,45.65094
1947,45.618896
1948,45.600586
1949,45.637207
1950,45.618896
1951,45.61432
1952,45.563965
1953,45.59601
1954,45.563965
1955,45.563965
1956,45.490723
1957,45.4541
1958,45.522766
1959,45.60974
1960,45.61432
1961,45.59601
1962,45.637207
1963,45.637207
1964,45.66925
1965,45.655518
1966,45.646362
1967,45.568542
1968,45.509033
1969,45.522766
1970,45.60974
1971,45.623474
1972,45.66925
1973,45.618896
1974,45.582275
1975,45.637207
1976,45.559387
1977,45.522766
1978,45.522766
1979,45.559387
1980,45.59601
1981,45.559387
1982,45.449524
1983,45.408325
1984,45.403748
1985,45.51819
1986,45.522766
1987,45.5365
1988,45.600586
1989,45.641785
1990,45.59143
1991,45.61432
1992,45.563965
1993,45.463257
1994,45.509033
1995,45.600586
1996,45.682983
1997,45.69214
1998,45.68756
1999,45.724182
2000,45.66925
2001,45.600586
2002,45.660095
2003,45.67383
2004,45.63263
2005,45.63263
2006,45.527344
2007,45.486145
2008,45.486145
2009,45.527344
2010,45.59601
2011,45.568542
2012,45.618896
2013,45.63263
2014,45.678406
2015,45.724182
2016,45.74707
2017,45.67383
2018,45.641785
2019,45.641785
2020,45.618896
2021,45.582275
2022,45.65094
2023,45.600586
2024,45.559387
2025,45.600586
2026,45.63263
2027,45.701294
2028,45.641785
2029,45.742493
2030,45.69214
2031,45.61432
2032,45.646362
2033,45.69214
2034,45.62805
2035,45.559387
2036,45.55481
2037,45.605164
2038,45.59143
2039,45.59601
2040,45.586853
2041,45.586853
2042,45.68756
2043,45.742493
2044,45.76538
2045,45.80658
2046,45.70587
2047,45.586853
2048,45.568542
2049,45.600586
2050,45.5365
2051,45.522766
2052,45.490723
2053,45.522766
2054,45.449524
2055,45.490723
2056,45.61432
2057,45.67383
2058,45.623474
2059,45.59143
2060,45.559387
2061,45.481567
2062,45.600586
2063,45.65094
2064,45.65094
2065,45.59143
2066,45.527344
2067,45.655518
2068,45.66925
2069,45.660095
2070,45.71045
2071,45.742493
2072,45.742493
2073,45.70587
2074,45.646362
2075,45.646362
2076,45.67383
2077,45.682983
2078,45.68756
2079,45.66925
2080,45.67383
2081,45.715027
2082,45.74707
2083,45.70587
2084,45.68756
2085,45.71045
2086,45.72876
2087,45.66925
2088,45.59143
2089,45.559387
2090,45.586853
2091,45.71045
2092,45.696716
2093,45.719604
2094,45.660095
2095,45.600586
2096,45.618896
2097,45.696716
2098,45.559387
2099,45.490723
2100,45.522766
2101,45.60974
2102,45.62805
2103,45.655518
2104,45.72876
2105,45.618896
2106,45.637207
2107,45.637207
2108,45.69214
2109,45.67383
2110,45.715027
2111,45.68756
2112,45.623474
2113,45.600586
2114,45.72876
2115,45.719604
2116,45.660095
2117,45.65094
2118,45.67383
2119,45.701294
2120,45.760803
2121,45.70587
2122,45.66925
2123,45.66925
2124,45.69214
2125,45.71045
2126,45.756226
2127,45.655518
2128,45.568542
2129,45.600586
2130,45.600586
2131,45.563965
2132,45.582275
2133,45.582275
2134,45.563965
2135,45.59143
2136,45.527344
2137,45.472412
2138,45.463257
2139,45.509033
2140,45.559387
2141,45.527344
2142,45.582275
2143,45.68756
2144,45.59143
2145,45.527344
2146,45.559387
2147,45.655518
2148,45.664673
2149,45.61432
2150,45.586853
2151,45.522766
2152,45.509033
2153,45.472412
2154,45.53192
2155,45.563965
2156,45.563965
2157,45.490723
2158,45.637207
2159,45.59601
2160,45.51819
2161,45.4541
2162,45.45868
2163,45.467834
2164,45.486145
2165,45.51819
2166,45.51361
2167,45.623474
2168,45.71045
2169,45.724182
2170,45.641785
2171,45.600586
2172,45.582275
2173,45.59143
2174,45.59143
2175,45.550232
2176,45.623474
2177,45.760803
2178,45.80658
2179,45.820312
2180,45.66925
2181,45.59601
2182,45.509033
2183,45.37628
2184,45.4541
2185,45.522766
2186,45.655518
2187,45.678406
2188,45.660095
2189,45.67383
2190,45.69214
2191,45.66925
2192,45.724182
2193,45.74707
2194,45.68756
2195,45.68756
2196,45.74707
2197,45.696716
2198,45.774536
2199,45.719604
2200,45.67383
2201,45.61432
2202,45.63263
2203,45.751648
2204,45.737915
2205,45.655518
2206,45.61432
2207,45.62805
2208,45.67383
2209,45.733337
2210,45.65094
2211,45.646362
2212,45.59601
2213,45.563965
2214,45.527344
2215,45.66925
2216,45.637207
2217,45.63263
2218,45.618896
2219,45.522766
2220,45.431213
2221,45.509033
2222,45.541077
2223,45.55481
2224,45.563965
2225,45.522766
2226,45.522766
2227,45.541077
2228,45.545654
2229,45.59143
2230,45.600586
2231,45.582275
2232,45.59601
2233,45.66925
2234,45.63263
2235,45.59601
2236,45.57312
2237,45.68756
2238,45.67383
2239,45.72876
2240,45.682983
2241,45.65094
2242,45.664673
2243,45.618896
2244,45.641785
2245,45.724182
2246,45.66925
2247,45.623474
2248,45.62805
2249,45.637207
2250,45.655518
2251,45.618896
2252,45.600586
2253,45.61432
2254,45.53192
2255,45.563965
2256,45.59601
2257,45.66925
2258,45.68756
2259,45.655518
2260,45.522766
2261,45.51361
2262,45.522766
2263,45.467834
2264,45.486145
2265,45.509033
2266,45.582275
2267,45.646362
2268,45.63263
2269,45.586853
2270,45.582275
2271,45.577698
2272,45.577698
2273,45.55481
2274,45.4953
2275,45.4541
2276,45.522766
2277,45.637207
2278,45.641785
2279,45.637207
2280,45.719604
2281,45.68756
2282,45.623474
2283,45.646362
2284,45.72876
2285,45.701294
2286,45.71045
2287,45.66925
2288,45.66925
2289,45.637207
2290,45.59143
2291,45.59601
2292,45.655518
2293,45.563965
2294,45.55481
2295,45.646362
2296,45.66925
2297,45.660095
2298,45.74707
2299,45.829468
2300,45.811157
2301,45.78369
2302,45.76996
2303,45.756226
2304,45.68756
2305,45.61432
2306,45.59143
2307,45.61432
2308,45.682983
2309,45.66925
2310,45.637207
2311,45.586853
2312,45.4953
2313,45.43579
2314,45.467834
2315,45.5365
2316,45.59601
2317,45.55481
2318,45.63263
2319,45.701294
2320,45.63263
2321,45.568542
2322,45.733337
2323,45.742493
2324,45.660095
2325,45.61432
2326,45.522766
2327,45.5365
2328,45.527344
2329,45.522766
2330,45.563965
2331,45.5365
2332,45.490723
2333,45.559387
2334,45.541077
2335,45.522766
2336,45.504456
2337,45.527344
2338,45.499878
2339,45.490723
2340,45.467834
2341,45.43579
2342,45.449524
2343,45.527344
2344,45.53192
2345,45.545654
2346,45.59601
2347,45.577698
2348,45.57312
2349,45.66925
2350,45.74707
2351,45.742493
2352,45.67383
2353,45.600586
2354,45.605164
2355,45.66925
2356,45.66925
2357,45.641785
2358,45.63263
2359,45.59601
2360,45.618896
2361,45.66925
2362,45.69214
2363,45.660095
2364,45.63263
2365,45.522766
2366,45.527344
2367,45.60974
2368,45.68756
2369,45.70587
2370,45.71045
2371,45.66925
2372,45.618896
2373,45.67383
2374,45.68756
2375,45.682983
2376,45.66925
2377,45.66925
2378,45.71045
2379,45.67383
2380,45.605164
2381,45.63263
2382,45.67383
2383,45.72876
2384,45.63263
2385,45.605164
2386,45.55481
2387,45.5365
2388,45.426636
2389,45.4541
2390,45.522766
2391,45.618896
2392,45.641785
2393,45.51819
2394,45.4541
2395,45.463257
2396,45.559387
2397,45.582275
2398,45.605164
2399,45.65094
2400,45.65094
2401,45.559387
2402,45.559387
2403,45.586853
2404,45.55481
2405,45.51361
2406,45.509033
2407,45.509033
2408,45.600586
2409,45.63263
2410,45.655518
2411,45.660095
2412,45.664673
2413,45.623474
2414,45.61432
2415,45.641785
2416,45.63263
2417,45.605164
2418,45.59143
2419,45.545654
2420,45.481567
2421,45.44037
2422,45.504456
2423,45.522766
2424,45.467834
2425,45.504456
2426,45.39917
2427,45.41748
2428,45.431213
2429,45.490723
2430,45.504456
2431,45.472412
2432,45.504456
2433,45.568542
2434,45.618896
2435,45.59601
2436,45.53192
2437,45.527344
2438,45.600586
2439,45.623474
2440,45.59601
2441,45.55481
2442,45.563965
2443,45.600586
2444,45.664673
2445,45.742493
2446,45.76538
2447,45.74707
2448,45.60974
2449,45.53192
2450,45.600586
2451,45.696716
2452,45.774536
2453,45.68756
2454,45.71045
2455,45.742493
2456,45.69214
2457,45.57312
2458,45.71045
2459,45.72876
2460,45.678406
2461,45.660095
2462,45.67383
2463,45.66925
2464,45.66925
2465,45.724182
2466,45.696716
2467,45.623474
2468,45.664673
2469,45.618896
2470,45.582275
2471,45.68756
2472,45.682983
2473,45.53192
2474,45.559387
2475,45.65094
2476,45.59601
2477,45.577698
2478,45.62805
2479,45.637207
2480,45.715027
2481,45.737915
2482,45.618896
2483,45.545654
2484,45.522766
2485,45.59143
2486,45.486145
2487,45.51361
2488,45.51819
2489,45.504456
2490,45.527344
2491,45.4953
2492,45.545654
2493,45.522766
2494,45.53192
2495,45.467834
2496,45.51361
2497,45.509033
2498,45.527344
2499,45.522766
2500,45.522766
2501,45.563965
2502,45.600586
2503,45.682983
2504,45.655518
2505,45.618896
2506,45.701294
2507,45.802002
2508,45.797424
2509,45.74707
2510,45.797424
2511,45.76538
2512,45.78369
2513,45.829468
2514,45.875244
2515,45.86151
2516,45.802002
2517,45.65094
2518,45.62805
2519,45.637207
2520,45.550232
2521,45.550232
2522,45.70587
2523,45.655518
2524,45.66925
2525,45.66925
2526,45.59601
2527,45.527344
2528,45.57312
2529,45.550232
2530,45.509033
2531,45.44037
2532,45.449524
2533,45.545654
2534,45.57312
2535,45.61432
2536,45.655518
2537,45.660095
2538,45.586853
2539,45.527344
2540,45.568542
2541,45.582275
2542,45.509033
2543,45.600586
2544,45.559387
2545,45.59143
2546,45.563965
2547,45.527344
2548,45.499878
2549,45.563965
2550,45.61432
2551,45.550232
2552,45.550232
2553,45.577698
2554,45.618896
2555,45.59601
2556,45.61432
2557,45.5365
2558,45.637207
2559,45.67383
2560,45.65094
2561,45.69214
2562,45.605164
2563,45.61432
2564,45.600586
2565,45.67383
2566,45.66925
2567,45.57312
2568,45.53192
2569,45.59601
2570,45.69214
2571,45.623474
2572,45.600586
2573,45.637207
2574,45.641785
2575,45.65094
2576,45.664673
2577,45.660095
2578,45.59601
2579,45.57312
2580,45.577698
2581,45.568542
2582,45.655518
2583,45.69214
2584,45.67383
2585,45.71045
2586,45.63263
2587,45.59601
2588,45.696716
2589,45.751648
2590,45.751648
2591,45.74707
2592,45.71045
2593,45.66925
2594,45.641785
2595,45.59143
2596,45.522766
2597,45.59601
2598,45.63263
2599,45.586853
2600,45.522766
2601,45.545654
2602,45.664673
2603,45.72876
2604,45.742493
2605,45.742493
2606,45.637207
2607,45.61432
2608,45.67383
2609,45.655518
2610,45.637207
2611,45.67383
2612,45.696716
2613,45.67383
2614,45.66925
2615,45.577698
2616,45.522766
2617,45.527344
2618,45.563965
2619,45.582275
2620,45.65094
2621,45.71045
2622,45.67383
2623,45.586853
2624,45.550232
2625,45.59601
2626,45.637207
2627,45.563965
2628,45.61432
2629,45.623474
2630,45.63263
2631,45.600586
2632,45.577698
2633,45.600586
2634,45.59601
2635,45.660095
2636,45.70587
2637,45.756226
2638,45.71045
2639,45.618896
2640,45.637207
2641,45.66925
2642,45.637207
2643,45.568542
2644,45.577698
2645,45.559387
2646,45.582275
2647,45.600586
2648,45.67383
2649,45.655518
2650,45.600586
2651,45.522766
2652,45.660095
2653,45.65094
2654,45.545654
2655,45.51361
2656,45.59601
2657,45.69214
2658,45.67383
2659,45.618896
2660,45.568542
2661,45.605164
2662,45.66925
2663,45.71045
2664,45.733337
2665,45.67383
2666,45.61432
2667,45.586853
2668,45.545654
2669,45.59601
2670,45.67383
2671,45.66925
2672,45.637207
2673,45.600586
2674,45.66925
2675,45.59601
2676,45.577698
2677,45.63263
2678,45.605164
2679,45.527344
2680,45.4953
2681,45.527344
2682,45.559387
2683,45.51819
2684,45.504456
2685,45.472412
2686,45.623474
2687,45.646362
2688,45.67383
2689,45.70587
2690,45.66925
2691,45.68756
2692,45.66925
2693,45.66925
2694,45.71045
2695,45.600586
2696,45.600586
2697,45.618896
2698,45.67383
2699,45.67383
2700,45.68756
2701,45.742493
2702,45.779114
2703,45.733337
2704,45.701294
2705,45.66925
2706,45.600586
2707,45.563965
2708,45.582275
2709,45.63263
2710,45.545654
2711,45.559387
2712,45.550232
2713,45.577698
2714,45.5365
2715,45.59601
2716,45.646362
2717,45.682983
2718,45.74707
2719,45.69214
2720,45.68756
2721,45.67383
2722,45.67383
2723,45.582275
2724,45.62805
2725,45.655518
2726,45.737915
2727,45.779114
2728,45.742493
2729,45.724182
2730,45.60974
2731,45.61432
2732,45.67383
2733,45.74707
2734,45.70587
2735,45.63263
2736,45.655518
2737,45.67383
2738,45.71045
2739,45.67383
2740,45.59143
2741,45.618896
2742,45.522766
2743,45.51361
2744,45.618896
2745,45.63263
2746,45.59601
2747,45.61432
2748,45.646362
2749,45.59601
2750,45.527344
2751,45.582275
2752,45.696716
2753,45.701294
2754,45.57312
2755,45.527344
2756,45.541077
2757,45.545654
2758,45.559387
2759,45.522766
2760,45.4541
2761,45.43579
2762,45.55481
2763,45.67383
2764,45.74707
2765,45.733337
2766,45.63263
2767,45.59601
2768,45.62805
2769,45.618896
2770,45.68756
2771,45.724182
2772,45.69214
2773,45.637207
2774,45.568542
2775,45.577698
2776,45.586853
2777,45.69214
2778,45.682983
2779,45.605164
2780,45.5365
2781,45.563965
2782,45.61432
2783,45.646362
2784,45.69214
2785,45.59601
2786,45.62805
2787,45.68756
2788,45.76538
2789,45.70587
2790,45.586853
2791,45.600586
2792,45.568542
2793,45.600586
2794,45.600586
2795,45.63263
2796,45.618896
2797,45.641785
2798,45.664673
2799,45.682983
2800,45.678406
2801,45.60974
2802,45.605164
2803,45.637207
2804,45.641785
2805,45.59601
2806,45.59143
2807,45.57312
2808,45.65094
2809,45.678406
2810,45.71045
2811,45.742493
2812,45.637207
2813,45.527344
2814,45.486145
2815,45.541077
2816,45.59601
2817,45.61432
2818,45.559387
2819,45.563965
2820,45.59601
2821,45.637207
2822,45.696716
2823,45.577698
2824,45.545654
2825,45.62805
2826,45.618896
2827,45.59601
2828,45.527344
2829,45.522766
2830,45.47699
2831,45.472412
2832,45.481567
2833,45.527344
2834,45.486145
2835,45.509033
2836,45.4953
2837,45.550232
2838,45.57312
2839,45.60974
2840,45.55481
2841,45.522766
2842,45.527344
2843,45.66925
2844,45.59601
2845,45.559387
2846,45.623474
2847,45.715027
2848,45.67383
2849,45.67383
2850,45.618896
2851,45.605164
2852,45.660095
2853,45.660095
2854,45.618896
2855,45.600586
2856,45.61432
2857,45.563965
2858,45.541077
2859,45.623474
2860,45.66925
2861,45.618896
2862,45.563965
2863,45.63263
2864,45.59601
2865,45.577698
2866,45.618896
2867,45.65094
2868,45.618896
2869,45.618896
2870,45.605164
2871,45.637207
2872,45.53192
2873,45.486145
2874,45.563965
2875,45.618896
2876,45.637207
2877,45.65094
2878,45.57312
2879,45.582275
2880,45.559387
2881,45.63263
2882,45.682983
2883,45.67383
2884,45.600586
2885,45.559387
2886,45.59601
2887,45.655518
2888,45.61432
2889,45.637207
2890,45.756226
2891,45.72876
2892,45.67383
2893,45.71045
2894,45.68756
2895,45.67383
2896,45.63263
2897,45.641785
2898,45.577698
2899,45.509033
2900,45.481567
2901,45.545654
2902,45.63263
2903,45.5365
2904,45.509033
2905,45.563965
2906,45.60974
2907,45.563965
2908,45.545654
2909,45.559387
2910,45.509033
2911,45.55481
2912,45.559387
2913,45.59601
2914,45.559387
2915,45.504456
2916,45.43579
2917,45.444946
2918,45.504456
2919,45.582275
2920,45.541077
2921,45.509033
2922,45.41748
2923,45.403748
2924,45.37628
2925,45.408325
2926,45.486145
2927,45.509033
2928,45.53192
2929,45.522766
2930,45.4953
2931,45.4541
2932,45.600586
2933,45.637207
2934,45.65094
2935,45.76538
2936,45.76538
2937,45.71045
2938,45.618896
2939,45.605164
2940,45.527344
2941,45.545654
2942,45.550232
2943,45.527344
2944,45.486145
2945,45.490723
2946,45.522766
2947,45.618896
2948,45.637207
2949,45.696716
2950,45.742493
2951,45.70587
2952,45.69214
2953,45.66925
2954,45.655518
2955,45.600586
2956,45.63263
2957,45.69214
2958,45.655518
2959,45.69214
2960,45.742493
2961,45.664673
2962,45.67383
2963,45.724182
2964,45.682983
2965,45.61432
2966,45.509033
2967,45.51361
2968,45.463257
2969,45.45868
2970,45.44037
2971,45.39917
2972,45.367126
2973,45.41748
2974,45.486145
2975,45.57312
2976,45.527344
2977,45.431213
2978,45.47699
2979,45.504456
2980,45.541077
2981,45.541077
2982,45.61432
2983,45.623474
2984,45.641785
2985,45.655518
2986,45.55481
2987,45.559387
2988,45.582275
2989,45.577698
2990,45.63263
2991,45.660095
2992,45.605164
2993,45.65094
2994,45.67383
2995,45.618896
2996,45.605164
2997,45.586853
2998,45.655518
2999,45.696716
