,group_1.0,group_1.1,group_1.2
0,62.46778,62.556137,62.445694
1,62.46778,62.556137,62.445694
2,62.31318,62.224842,62.51196
3,62.46778,62.51196,62.40152
4,62.40152,62.556137,62.35735
5,62.578228,62.291096,62.423607
6,62.31318,62.335262,62.6445
7,62.489872,62.246925,62.51196
8,62.31318,62.423607,62.6445
9,62.556137,62.423607,62.31318
10,62.291096,62.578228,62.51196
11,62.489872,62.489872,62.335262
12,62.51196,62.66659,62.31318
13,62.489872,62.246925,62.60032
14,62.31318,62.51196,62.40152
15,62.777058,62.489872,62.158596
16,62.523033,62.412567,62.40155
17,62.26901,62.335262,62.6445
18,62.423607,62.53405,62.335262
19,62.39048,62.545094,62.412567
20,62.35735,62.556137,62.489872
21,62.66659,62.445694,62.379436
22,62.456757,62.611374,62.346306
23,62.246925,62.777058,62.31318
24,62.489872,62.224842,62.53405
25,62.412567,62.280052,62.556137
26,62.335262,62.335262,62.578228
27,62.62241,62.246925,62.51196
28,62.611366,62.423622,62.412567
29,62.60032,62.60032,62.31318
30,62.511963,62.60032,62.31318
31,62.423607,62.60032,62.31318
32,62.53405,62.379436,62.40152
33,62.55614,62.41625,62.349987
34,62.578228,62.45306,62.29846
35,62.60032,62.489872,62.246925
36,62.335262,62.6445,62.31318
37,62.372074,62.592957,62.291096
38,62.408882,62.541416,62.26901
39,62.445694,62.489872,62.246925
40,62.379436,62.710777,62.136513
41,62.36471,62.644505,62.2543
42,62.349987,62.57823,62.372086
43,62.335262,62.51196,62.489872
44,62.335262,62.799152,62.136513
45,62.349987,62.76233,62.1954
46,62.36471,62.725506,62.25429
47,62.379436,62.688683,62.31318
48,62.445698,62.58928,62.346306
49,62.51196,62.489872,62.379436
50,62.500916,62.500916,62.35735
51,62.489872,62.51196,62.335262
52,62.412567,62.51196,62.456745
53,62.335262,62.51196,62.578228
54,62.379433,62.51196,62.46779
55,62.423607,62.51196,62.35735
56,62.578228,62.46778,62.335262
57,62.46778,62.489872,62.26901
58,62.335262,62.379436,62.556137
59,62.423607,62.445694,62.423607
60,62.445694,62.556137,62.31318
61,62.688683,62.578228,62.048195
62,62.556137,62.578228,62.246925
63,62.335262,62.777058,62.224842
64,62.31318,62.423607,62.31318
65,62.489872,62.40152,62.335262
66,62.66659,62.246925,62.423607
67,62.423607,62.489872,62.445694
68,62.335262,62.423607,62.46778
69,62.66659,62.35735,62.335262
70,62.379436,62.51196,62.26901
71,62.66659,62.31318,62.224842
72,62.578228,62.40152,62.335262
73,62.246925,62.335262,62.556137
74,62.51196,62.578228,62.291096
75,62.31318,62.423607,62.445694
76,62.66659,62.46778,62.335262
77,62.423607,62.423607,62.379436
78,62.60032,62.66659,62.20276
79,62.335262,62.865437,62.31318
80,62.53405,62.578228,62.335262
81,62.688683,62.62241,62.114433
82,62.489872,62.489872,62.379436
83,62.445694,62.51196,62.379436
84,62.46778,62.60032,62.31318
85,62.335262,62.51196,62.445694
86,62.578228,62.6445,62.048195
87,62.578228,62.489872,62.31318
88,62.60032,62.66659,62.092354
89,62.423607,62.51196,62.46778
90,62.46778,62.489872,62.40152
91,62.60032,62.445694,62.335262
92,62.556137,62.46778,62.302135
93,62.51196,62.489872,62.26901
94,62.445694,62.40152,62.31318
95,62.556145,62.35735,62.32422
96,62.66659,62.31318,62.335262
97,62.46778,62.335262,62.379436
98,62.412567,62.346306,62.45674
99,62.35735,62.35735,62.53405
100,62.40152,62.60032,62.31318
101,62.47883,62.58927,62.31318
102,62.556137,62.578228,62.31318
103,62.379436,62.51196,62.46778
104,62.445698,62.51196,62.39048
105,62.51196,62.51196,62.31318
106,62.37944,62.51196,62.423615
107,62.246925,62.51196,62.53405
108,62.688683,62.754963,61.95988
109,62.633453,62.556156,62.23592
110,62.578228,62.35735,62.51196
111,62.51196,62.423607,62.335262
112,62.423607,62.53405,62.379436
113,62.688683,62.489872,61.981956
114,62.423607,62.53405,62.445694
115,62.423607,62.51196,62.35735
116,62.31318,62.335262,62.489872
117,62.489872,62.489872,62.335262
118,62.754963,62.31318,62.158596
119,62.423607,62.489872,62.335262
120,62.335262,62.777058,62.136513
121,62.412567,62.54512,62.246933
122,62.489872,62.31318,62.35735
123,62.46778,62.556137,62.224842
124,62.48987,62.65555,62.18068
125,62.51196,62.754963,62.136513
126,62.423607,62.53405,62.31318
127,62.556145,62.567184,62.280052
128,62.688683,62.60032,62.246925
129,62.51196,62.578228,62.224842
130,62.545094,62.456745,62.224842
131,62.578228,62.335262,62.224842
132,62.66659,62.489872,62.158596
133,62.500927,62.42361,62.28006
134,62.335262,62.35735,62.40152
135,62.500927,62.35735,62.30214
136,62.66659,62.35735,62.20276
137,62.51196,62.62241,62.224842
138,62.497234,62.585594,62.254288
139,62.482506,62.548775,62.283733
140,62.46778,62.51196,62.31318
141,62.423607,62.799152,62.136513
142,62.423607,62.688694,62.210125
143,62.423607,62.57824,62.283737
144,62.423607,62.46778,62.35735
145,62.35735,62.335262,62.445694
146,62.523018,62.500927,62.269024
147,62.688683,62.66659,62.092354
148,62.51196,62.40152,62.335262
149,62.445694,62.423607,62.423607
150,62.335262,62.51196,62.31318
151,62.66659,62.6445,62.004036
152,62.489872,62.335262,62.35735
153,62.62241,62.40152,62.379436
154,62.865437,62.489872,61.981956
155,62.489872,62.445694,62.379436
156,62.40152,62.26901,62.423607
157,62.18068,62.688683,62.31318
158,62.53405,62.423607,62.31318
159,62.136513,62.335262,62.6445
160,62.489872,62.51196,62.31318
161,62.158596,62.51196,62.489872
162,62.31318,62.26901,62.51196
163,62.556137,62.556137,62.246925
164,62.423607,62.66659,62.31318
165,62.445694,62.46778,62.40152
166,62.335262,62.379436,62.489872
167,62.688683,62.489872,62.114433
168,62.46778,62.51196,62.246925
169,62.31318,62.51196,62.489872
170,62.423607,62.777058,62.136513
171,62.31318,62.31318,62.556137
172,62.60032,62.578228,62.070274
173,62.40152,62.489872,62.335262
174,62.6445,62.489872,62.158596
175,62.578228,62.379436,62.335262
176,62.445694,62.53405,62.379436
177,62.51196,62.489872,62.291096
178,62.379436,62.489872,62.40152
179,62.578228,62.556137,62.246925
180,62.489872,62.489872,62.31318
181,62.578228,62.489872,62.20276
182,62.58927,62.511963,62.235886
183,62.60032,62.53405,62.26901
184,62.489872,62.53405,62.224842
185,62.489872,62.500916,62.31318
186,62.489872,62.46778,62.40152
187,62.40152,62.51196,62.31318
188,62.40152,62.37944,62.412567
189,62.40152,62.246925,62.51196
190,62.35735,62.46778,62.379436
191,62.39048,62.445694,62.346306
192,62.423607,62.423607,62.31318
193,62.688683,62.53405,62.20276
194,62.5451,62.434654,62.379448
195,62.40152,62.335262,62.556137
196,62.412563,62.368393,62.46779
197,62.423607,62.40152,62.379436
198,62.31318,62.379436,62.51196
199,62.39048,62.434654,62.45674
200,62.46778,62.489872,62.40152
201,62.556137,62.40152,62.335262
202,62.526684,62.394157,62.3279
203,62.497234,62.3868,62.32054
204,62.46778,62.379436,62.31318
205,62.40152,62.379436,62.423607
206,62.416245,62.36471,62.445694
207,62.43097,62.349987,62.467785
208,62.445694,62.335262,62.489872
209,62.456738,62.40152,62.434654
210,62.46778,62.46778,62.379436
211,62.48987,62.545097,62.269016
212,62.51196,62.62241,62.158596
213,62.51196,62.55614,62.213802
214,62.51196,62.489872,62.26901
215,62.42361,62.500916,62.31318
216,62.335262,62.51196,62.35735
217,62.412567,62.46778,62.379433
218,62.489872,62.423607,62.40152
219,62.423607,62.489872,62.46778
220,62.53405,62.46778,62.26901
221,62.489872,62.26901,62.335262
222,62.53405,62.46778,62.35735
223,62.46778,62.60032,62.20276
224,62.40152,62.35735,62.51196
225,62.335262,62.865437,62.136513
226,62.489872,62.423607,62.40152
227,62.66659,62.51196,62.20276
228,62.60032,62.40152,62.246925
229,62.51196,62.489872,62.291096
230,62.35735,62.379436,62.423607
231,62.489872,62.136513,62.423607
232,62.60032,62.53405,62.335262
233,62.53405,62.46778,62.246925
234,62.51196,62.53405,62.335262
235,62.688683,62.66659,62.092354
236,62.40152,62.224842,62.51196
237,62.423607,62.445694,62.445694
238,62.31318,62.335262,62.46778
239,62.51196,62.489872,62.31318
240,62.489872,62.31318,62.335262
241,62.26901,62.51196,62.40152
242,62.31318,62.688683,62.489872
243,62.31318,62.445694,62.53405
244,62.335262,62.445694,62.40152
245,62.6445,62.578228,62.246925
246,62.31318,62.335262,62.556137
247,62.423607,62.578228,62.246925
248,62.246925,62.688683,61.95988
249,62.445694,62.423607,62.335262
250,62.754963,62.489872,61.981956
251,62.51196,62.578228,62.291096
252,62.51196,62.489872,62.291096
253,62.545094,62.401527,62.31318
254,62.578228,62.31318,62.335262
255,62.500916,62.412567,62.31318
256,62.423607,62.51196,62.291096
257,62.46778,62.45674,62.31318
258,62.51196,62.40152,62.335262
259,62.545094,62.40152,62.291092
260,62.578228,62.40152,62.246925
261,62.478832,62.55615,62.235886
262,62.379436,62.710777,62.224842
263,62.423607,62.73287,62.136513
264,62.379436,62.40152,62.379436
265,62.489872,62.335262,62.335262
266,62.40152,62.335262,62.489872
267,62.578228,62.445694,62.335262
268,62.335262,62.51196,62.31318
269,62.66659,62.423607,62.291096
270,62.335262,62.66659,62.136513
271,62.60032,62.578228,62.379436
272,62.26901,62.379436,62.423607
273,62.46778,62.489872,62.246925
274,62.489872,62.423607,62.40152
275,62.31318,62.335262,62.556137
276,62.31318,62.158596,62.335262
277,62.335262,62.51196,62.31318
278,62.865437,62.66659,61.981956
279,62.40152,62.40152,62.51196
280,62.489872,62.35735,62.379436
281,62.556137,62.489872,62.335262
282,62.53405,62.578228,62.20276
283,62.489872,62.224842,62.51196
284,62.335262,62.688683,62.136513
285,62.60032,62.6445,62.048195
286,62.423607,62.51196,62.224842
287,62.379436,62.51196,62.31318
288,62.6445,62.445694,62.136513
289,62.578228,62.556137,62.246925
290,62.246925,62.53405,62.489872
291,62.51196,62.556137,62.20276
292,62.6445,62.489872,62.246925
293,62.66659,62.31318,62.158596
294,62.46778,62.51196,62.31318
295,62.20276,62.578228,62.489872
296,62.6445,62.40152,62.335262
297,62.423607,62.46778,62.423607
298,62.224842,62.335262,62.688683
299,62.51196,62.688683,62.224842
300,62.53405,62.31318,62.51196
301,62.423615,62.30214,62.57823
302,62.31318,62.291096,62.6445
303,62.31318,62.46778,62.53405
304,62.368393,62.567184,62.423615
305,62.423607,62.66659,62.31318
306,62.53405,62.35735,62.335262
307,62.511963,62.31318,62.42361
308,62.489872,62.26901,62.51196
309,62.60032,62.445694,62.158596
310,62.578228,62.47883,62.24693
311,62.556137,62.51196,62.335262
312,62.66659,62.31318,62.335262
313,62.611366,62.32422,62.42361
314,62.556137,62.335262,62.51196
315,62.62241,62.46778,62.246925
316,62.48988,62.53405,62.3684
317,62.35735,62.60032,62.489872
318,62.379433,62.489876,62.42361
319,62.40152,62.379436,62.35735
320,62.158596,62.60032,62.40152
321,62.324234,62.489876,62.39048
322,62.489872,62.379436,62.379436
323,62.379436,62.335262,62.578228
324,62.430973,62.379436,62.467793
325,62.482513,62.423607,62.35736
326,62.53405,62.46778,62.246925
327,62.51196,62.578228,62.246925
328,62.445698,62.511963,62.33527
329,62.37944,62.4457,62.423615
330,62.31318,62.379436,62.51196
331,62.31318,62.412567,62.500916
332,62.31318,62.445694,62.489872
333,62.45675,62.556145,62.335274
334,62.60032,62.66659,62.18068
335,62.412582,62.500927,62.3905
336,62.224842,62.335262,62.60032
337,62.412582,62.368393,62.46779
338,62.60032,62.40152,62.335262
339,62.46778,62.489872,62.20276
340,62.35735,62.46778,62.51196
341,62.66659,62.40152,62.26901
342,62.66659,62.31318,62.20276
343,62.51196,62.53405,62.26901
344,62.335262,62.73287,62.136513
345,62.489872,62.489872,62.31318
346,62.35735,62.688683,62.46778
347,62.66659,62.489872,62.158596
348,62.53405,62.423607,62.46778
349,62.291096,62.335262,62.66659
350,62.445694,62.335262,62.335262
351,62.35735,62.51196,62.489872
352,62.51196,62.66659,62.224842
353,62.53405,62.423607,62.35735
354,62.777058,62.489872,62.070274
355,62.423607,62.53405,62.31318
356,62.35735,62.60032,62.224842
357,62.379436,62.379436,62.489872
358,62.51196,62.60032,62.35735
359,62.688683,62.66659,62.070274
360,62.31318,62.246925,62.556137
361,62.53405,62.489872,62.335262
362,62.51196,62.423607,62.35735
363,62.51196,62.578228,62.136513
364,62.31318,62.335262,62.60032
365,62.51196,62.445694,62.31318
366,62.224842,62.688683,62.489872
367,62.578228,62.40152,62.335262
368,62.51196,62.62241,62.335262
369,62.51196,62.489872,62.246925
370,62.66659,62.40152,62.335262
371,62.35735,62.51196,62.40152
372,62.114433,62.688683,62.578228
373,62.46778,62.379436,62.46778
374,62.335262,62.60032,62.489872
375,62.42361,62.633453,62.357357
376,62.51196,62.66659,62.224842
377,62.60032,62.62241,62.246925
378,62.633453,62.423626,62.31318
379,62.66659,62.224842,62.379436
380,62.6445,62.31318,62.335262
381,62.52301,62.32422,62.40152
382,62.40152,62.335262,62.46778
383,62.66659,62.66659,62.114433
384,62.545097,62.567184,62.302155
385,62.423607,62.46778,62.489872
386,62.18068,62.335262,62.66659
387,62.335274,62.39048,62.57823
388,62.489872,62.445694,62.489872
389,62.092354,62.688683,62.489872
390,62.202766,62.534058,62.500916
391,62.31318,62.379436,62.51196
392,62.489872,62.489872,62.335262
393,62.55614,62.37944,62.46779
394,62.62241,62.26901,62.60032
395,62.567184,62.412575,62.46779
396,62.51196,62.556137,62.335262
397,62.688683,62.66659,62.070274
398,62.600323,62.65923,62.15124
399,62.511967,62.651863,62.232212
400,62.423607,62.6445,62.31318
401,62.688683,62.46778,62.335262
402,62.70341,62.41625,62.305817
403,62.71814,62.36471,62.27637
404,62.73287,62.31318,62.246925
405,62.57824,62.368393,62.30214
406,62.423607,62.423607,62.35735
407,62.302143,62.379433,62.46779
408,62.18068,62.335262,62.578228
409,62.235886,62.42361,62.53405
410,62.291096,62.51196,62.489872
411,62.31318,62.51196,62.489872
412,62.335262,62.51196,62.489872
413,62.688683,62.489872,62.158596
414,62.489872,62.379436,62.556137
415,62.66659,62.445694,62.335262
416,62.478844,62.46778,62.412567
417,62.291096,62.489872,62.489872
418,62.478844,62.401527,62.445694
419,62.66659,62.31318,62.40152
420,62.545097,62.434658,62.467785
421,62.423607,62.556137,62.53405
422,62.46778,62.46779,62.489872
423,62.51196,62.379436,62.445694
424,62.40152,62.51196,62.51196
425,62.35735,62.556137,62.31318
426,62.31318,62.51196,62.6445
427,62.556137,62.445694,62.31318
428,62.35735,62.445694,62.489872
429,62.246925,62.688683,62.489872
430,62.40152,62.6445,62.379436
431,62.40152,62.51196,62.40152
432,62.423607,62.66659,62.224842
433,62.556137,62.578228,62.246925
434,62.40152,62.246925,62.60032
435,62.489872,62.423607,62.40152
436,62.556137,62.40152,62.335262
437,62.46778,62.66659,62.31318
438,62.60032,62.578228,62.291096
439,62.26901,62.51196,62.556137
440,62.489872,62.40152,62.335262
441,62.423607,62.578228,62.335262
442,62.60032,62.556137,62.379436
443,62.489872,62.556137,62.31318
444,62.20276,62.51196,62.51196
445,62.324226,62.51196,62.42361
446,62.445694,62.51196,62.335262
447,62.6445,62.66659,62.158596
448,62.379436,62.51196,62.40152
449,62.489872,62.40152,62.445694
450,62.66659,62.445694,62.335262
451,62.46778,62.51196,62.246925
452,62.246925,62.335262,62.66659
453,62.224842,62.335262,62.60032
454,62.51196,62.73287,62.224842
455,62.434654,62.622414,62.269012
456,62.35735,62.51196,62.31318
457,62.489872,62.379436,62.46778
458,62.335262,62.489872,62.35735
459,62.412567,62.412567,62.368393
460,62.489872,62.335262,62.379436
461,62.66659,62.489872,62.335262
462,62.578236,62.497234,62.3868
463,62.489876,62.504597,62.438335
464,62.40152,62.51196,62.489872
465,62.489872,62.51196,62.379436
466,62.53405,62.412567,62.445698
467,62.578228,62.31318,62.51196
468,62.335262,62.51196,62.556137
469,62.46779,62.53405,62.434658
470,62.60032,62.556137,62.31318
471,62.865437,62.489872,62.004036
472,62.578228,62.35735,62.335262
473,62.567184,62.500923,62.257973
474,62.556137,62.6445,62.18068
475,62.688683,62.66659,62.136513
476,62.58928,62.489883,62.28006
477,62.489872,62.31318,62.423607
478,62.335262,62.51196,62.62241
479,62.478836,62.500916,62.43467
480,62.62241,62.489872,62.246925
481,62.60032,62.412567,62.291092
482,62.578228,62.335262,62.335262
483,62.4457,62.335262,62.4457
484,62.31318,62.335262,62.556137
485,62.46778,62.46778,62.423607
486,62.489872,62.445694,62.423607
487,62.445694,62.51196,62.489872
488,62.18068,62.423607,62.66659
489,62.423607,62.445694,62.46778
490,62.66659,62.489872,62.246925
491,62.423607,62.51196,62.335262
492,62.53405,62.489872,62.335262
493,62.51196,62.73287,62.291096
494,62.688683,62.777058,62.158596
495,62.51196,62.46778,62.335262
496,62.53405,62.60032,62.31318
497,62.423607,62.51196,62.40152
498,62.40152,62.51196,62.423607
499,62.62241,62.224842,62.51196
500,62.489872,62.489872,62.379436
501,62.710777,62.489872,62.246925
502,62.423607,62.489872,62.31318
503,62.35735,62.335262,62.46778
504,62.578228,62.40152,62.423607
505,62.489872,62.40152,62.335262
506,62.66659,62.224842,62.688683
507,62.423607,62.51196,62.291096
508,62.18068,62.35735,62.53405
509,62.31318,62.51196,62.578228
510,62.578228,62.489872,62.35735
511,62.40152,62.423607,62.445694
512,62.53405,62.423607,62.335262
513,62.578228,62.66659,62.18068
514,62.489872,62.335262,62.53405
515,62.423607,62.60032,62.246925
516,62.51196,62.556137,62.291096
517,62.423607,62.46778,62.35735
518,62.66659,62.31318,62.335262
519,62.51196,62.51196,62.31318
520,62.60032,62.60032,62.31318
521,62.379436,62.688683,62.31318
522,62.578228,62.53405,62.35735
523,62.62241,62.423615,62.346306
524,62.66659,62.31318,62.335262
525,62.489872,62.445694,62.335262
526,62.500916,62.39048,62.32422
527,62.51196,62.335262,62.31318
528,62.51196,62.62241,62.158596
529,62.47883,62.633453,62.28006
530,62.445694,62.6445,62.40152
531,62.60032,62.66659,62.224842
532,62.58927,62.57823,62.280052
533,62.578228,62.489872,62.335262
534,62.578228,62.489872,62.246925
535,62.666595,62.57823,62.1586
536,62.754963,62.66659,62.070274
537,62.489872,62.51196,62.40152
538,62.633465,62.545094,62.235897
539,62.777058,62.578228,62.070274
540,62.655556,62.556137,62.213814
541,62.53405,62.53405,62.35735
542,62.556137,62.51196,62.224842
543,62.5635,62.51196,62.26165
544,62.570866,62.51196,62.298454
545,62.578228,62.51196,62.335262
546,62.489872,62.445694,62.335262
547,62.497234,62.497234,62.298454
548,62.504597,62.54878,62.26165
549,62.51196,62.60032,62.224842
550,62.46778,62.478836,62.324226
551,62.423607,62.35735,62.423607
552,62.43465,62.434654,62.368393
553,62.445694,62.51196,62.31318
554,62.489872,62.545094,62.32422
555,62.53405,62.578228,62.335262
556,62.511963,62.53405,62.269012
557,62.489872,62.489872,62.20276
558,62.58928,62.47883,62.2138
559,62.688683,62.46778,62.224842
560,62.578228,62.224842,62.46778
561,62.46778,62.51196,62.35735
562,62.66659,62.489872,62.158596
563,62.578228,62.489872,62.379436
564,62.246925,62.556137,62.40152
565,62.423607,62.423607,62.51196
566,62.445694,62.60032,62.31318
567,62.335262,62.777058,62.136513
568,62.62241,62.489872,62.246925
569,62.66659,62.489872,62.158596
570,62.335262,62.60032,62.35735
571,62.578228,62.578228,62.246925
572,62.51196,62.51196,62.31318
573,62.489872,62.46778,62.335262
574,62.423607,62.578228,62.246925
575,62.379436,62.423607,62.40152
576,62.445694,62.53405,62.31318
577,62.6445,62.31318,62.335262
578,62.53405,62.62241,62.31318
579,62.445694,62.51196,62.335262
580,62.51196,62.51196,62.335262
581,62.578228,62.489872,62.335262
582,62.556137,62.35735,62.423607
583,62.445694,62.489872,62.423607
584,62.556137,62.578228,62.18068
585,62.31318,62.51196,62.46778
586,62.51196,62.688683,62.224842
587,62.445694,62.578228,62.26901
588,62.46778,62.40152,62.46778
589,62.55614,62.445694,62.423607
590,62.6445,62.489872,62.379436
591,62.688683,62.73287,62.136513
592,62.60032,62.61137,62.224846
593,62.51196,62.489872,62.31318
594,62.40152,62.556137,62.26901
595,62.50092,62.545094,62.302135
596,62.60032,62.53405,62.335262
597,62.633453,62.379448,62.291092
598,62.66659,62.224842,62.246925
599,62.46778,62.556137,62.224842
600,62.53405,62.434658,62.324226
601,62.60032,62.31318,62.423607
602,62.489872,62.335262,62.423607
603,62.401527,62.456745,62.45674
604,62.31318,62.578228,62.489872
605,62.66659,62.31318,62.246925
606,62.677635,62.47884,62.18068
607,62.688683,62.6445,62.114433
608,62.489872,62.335262,62.423607
609,62.51196,62.430977,62.36471
610,62.53405,62.526695,62.30582
611,62.556137,62.62241,62.246925
612,62.489872,62.445694,62.35735
613,62.497234,62.519325,62.283737
614,62.504597,62.59296,62.210125
615,62.51196,62.66659,62.136513
616,62.500916,62.4678,62.324234
617,62.489872,62.26901,62.51196
618,62.51196,62.51196,62.423607
619,62.688698,62.545094,62.20278
620,62.865437,62.578228,61.981956
621,62.677654,62.578228,62.12548
622,62.489872,62.578228,62.26901
623,62.158596,62.688683,62.31318
624,62.578228,62.489872,62.335262
625,62.489872,62.53405,62.31318
626,62.688683,62.754963,62.048195
627,62.335262,62.53405,62.46778
628,62.66659,62.40152,62.335262
629,62.335262,62.423607,62.489872
630,62.423607,62.66659,62.224842
631,62.62241,62.489872,62.246925
632,62.60032,62.51196,62.291096
633,62.66659,62.224842,62.158596
634,62.51196,62.35735,62.423607
635,62.40152,62.423607,62.423607
636,62.246925,62.688683,62.31318
637,62.40152,62.60032,62.35735
638,62.40152,62.246925,62.51196
639,62.246925,62.46778,62.379436
640,62.423607,62.556137,62.335262
641,62.246925,62.51196,62.578228
642,62.46778,62.489872,62.445694
643,62.35735,62.40152,62.423607
644,62.66659,62.40152,62.335262
645,62.489872,62.51196,62.335262
646,62.158596,62.688683,62.31318
647,62.51196,62.489872,62.224842
648,62.224842,62.335262,62.6445
649,62.53405,62.489872,62.26901
650,62.688683,62.66659,62.136513
651,62.73287,62.66659,61.981956
652,62.578228,62.489872,62.291096
653,62.688683,62.578228,62.136513
654,62.423607,62.62241,62.26901
655,62.578228,62.40152,62.335262
656,62.51196,62.46778,62.335262
657,62.445694,62.335262,62.335262
658,62.688683,62.84334,62.092354
659,62.677635,62.578262,62.125473
660,62.66659,62.31318,62.158596
661,62.777058,62.489872,62.158596
662,62.633465,62.37944,62.2911
663,62.489872,62.26901,62.423607
664,62.445694,62.53405,62.445694
665,62.357353,62.434654,62.511963
666,62.26901,62.335262,62.578228
667,62.489872,62.291096,62.335262
668,62.401527,62.368393,62.42361
669,62.31318,62.445694,62.51196
670,62.50093,62.556145,62.335278
671,62.688683,62.66659,62.158596
672,62.53405,62.66659,62.18068
673,62.33528,62.589275,62.357365
674,62.136513,62.51196,62.53405
675,62.335262,62.777058,62.31318
676,62.298454,62.68869,62.35735
677,62.26165,62.600327,62.401524
678,62.224842,62.51196,62.445694
679,62.20276,62.556137,62.489872
680,62.31319,62.53405,62.416252
681,62.42362,62.51196,62.34263
682,62.53405,62.489872,62.26901
683,62.40152,62.40152,62.489872
684,62.460423,62.35735,62.438335
685,62.519325,62.31318,62.3868
686,62.578228,62.26901,62.335262
687,62.51196,62.489872,62.35735
688,62.45306,62.60033,62.22486
689,62.39416,62.71079,62.09237
690,62.335262,62.821247,61.95988
691,62.489883,62.644516,62.1034
692,62.6445,62.46778,62.246925
693,62.65555,62.43465,62.291092
694,62.66659,62.40152,62.335262
695,62.710777,62.445694,62.24693
696,62.754963,62.489872,62.158596
697,62.743916,62.46778,62.224846
698,62.73287,62.445694,62.291096
699,62.423607,62.423607,62.423607
700,62.66659,62.489872,62.246925
701,62.688683,62.489872,62.114433
702,62.40152,62.379436,62.423607
703,62.31318,62.158596,62.688683
704,62.335262,62.6445,62.31318
705,62.423607,62.53405,62.35735
706,62.224842,62.335262,62.62241
707,62.66659,62.489872,62.335262
708,62.51196,62.46778,62.31318
709,62.335262,62.60032,62.40152
710,62.445694,62.51196,62.40152
711,62.688683,62.799152,61.95988
712,62.489872,62.423607,62.40152
713,62.47883,62.57824,62.30214
714,62.46778,62.73287,62.20276
715,62.60032,62.66659,62.246925
716,62.523006,62.57823,62.291092
717,62.445694,62.489872,62.335262
718,62.136513,62.291096,62.6445
719,62.324234,62.478844,62.456757
720,62.51196,62.66659,62.26901
721,62.6445,62.60032,62.158596
722,62.57823,62.611366,62.19172
723,62.51196,62.62241,62.224842
724,62.335262,62.688683,62.31318
725,62.51197,62.677635,62.202766
726,62.688683,62.66659,62.092354
727,62.423607,62.489872,62.40152
728,62.46778,62.523003,62.35735
729,62.51196,62.556137,62.31318
730,62.390484,62.545094,62.35735
731,62.26901,62.53405,62.40152
732,62.578228,62.40152,62.335262
733,62.269054,62.28006,62.60035
734,61.95988,62.158596,62.865437
735,62.445694,62.31318,62.40152
736,62.46778,62.401527,62.349987
737,62.489872,62.48988,62.29846
738,62.51196,62.578228,62.246925
739,62.26901,62.51196,62.489872
740,62.31318,62.504597,62.438335
741,62.35735,62.497234,62.3868
742,62.40152,62.489872,62.335262
743,62.35735,62.412567,62.478836
744,62.31318,62.335262,62.62241
745,62.368393,62.434654,62.467796
746,62.423607,62.53405,62.31318
747,62.45674,62.45674,62.368393
748,62.489872,62.379436,62.423607
749,62.412567,62.534058,62.368393
750,62.335262,62.688683,62.31318
751,62.556137,62.40152,62.35735
752,62.688683,62.66659,62.136513
753,62.445694,62.489872,62.26901
754,62.60032,62.66659,62.136513
755,62.51196,62.865437,62.136513
756,62.51196,62.60032,62.31318
757,62.114433,62.423607,62.578228
758,62.51196,62.40152,62.335262
759,62.224842,62.335262,62.60032
760,62.335262,62.578228,62.31318
761,62.335262,62.379436,62.46778
762,62.578228,62.40152,62.335262
763,62.335262,62.445694,62.31318
764,62.53405,62.445694,62.335262
765,62.489872,62.379436,62.246925
766,62.51196,62.578228,62.31318
767,62.246925,62.51196,62.445694
768,62.51196,62.445694,62.335262
769,62.489872,62.423607,62.335262
770,62.66659,62.489872,62.246925
771,62.445694,62.40152,62.335262
772,62.60032,62.66659,62.158596
773,62.60032,62.31318,62.335262
774,62.51196,62.66659,62.20276
775,62.224842,62.379436,62.62241
776,62.423607,62.578228,62.224842
777,62.60032,62.556137,62.31318
778,62.246925,62.60032,62.31318
779,62.335262,62.688683,62.31318
780,62.51196,62.578228,62.26901
781,62.335262,62.51196,62.35735
782,62.688683,62.799152,62.004036
783,62.578228,62.445694,62.246925
784,62.335262,62.821247,62.224842
785,62.46778,62.423607,62.379436
786,62.51196,62.489872,62.335262
787,62.589275,62.42361,62.35735
788,62.66659,62.35735,62.379436
789,62.489872,62.40152,62.379436
790,62.324234,62.368393,62.523014
791,62.158596,62.335262,62.66659
792,62.158596,62.51196,62.578228
793,62.34632,62.445698,62.478832
794,62.53405,62.379436,62.379436
795,62.710777,62.40152,62.20276
796,62.567192,62.47883,62.235886
797,62.423607,62.556137,62.26901
798,62.379436,62.60032,62.31318
799,62.35735,62.578228,62.31318
800,62.335262,62.556137,62.31318
801,62.42361,62.545094,62.280052
802,62.51196,62.53405,62.246925
803,62.423607,62.66659,62.18068
804,62.445694,62.62241,62.213802
805,62.46778,62.578228,62.246925
806,62.335262,62.688683,62.31318
807,62.3279,62.600323,62.37944
808,62.32054,62.511967,62.445698
809,62.31318,62.423607,62.51196
810,62.423607,62.40152,62.31318
811,62.489876,62.34263,62.32054
812,62.55614,62.283733,62.3279
813,62.62241,62.224842,62.335262
814,62.66659,62.556137,62.335262
815,62.534065,62.541412,62.372074
816,62.401535,62.526684,62.408882
817,62.26901,62.51196,62.445694
818,62.37944,62.390484,62.43465
819,62.489872,62.26901,62.423607
820,62.46778,62.37944,62.423607
821,62.445694,62.489872,62.423607
822,62.511963,62.53405,62.2911
823,62.578228,62.578228,62.158596
824,62.545094,62.578228,62.20276
825,62.51196,62.578228,62.246925
826,62.46778,62.379436,62.35735
827,62.379436,62.66659,62.291096
828,62.51196,62.445694,62.246925
829,62.136513,62.335262,62.66659
830,62.60032,62.53405,62.20276
831,62.489872,62.51196,62.31318
832,62.51196,62.799152,62.048195
833,62.62241,62.423607,62.224842
834,62.556137,62.489872,62.20276
835,62.224842,62.40152,62.40152
836,62.46778,62.60032,62.379436
837,62.688683,62.66659,62.048195
838,62.40152,62.445694,62.379436
839,62.777058,62.31318,62.158596
840,62.51196,62.489872,62.31318
841,62.51196,62.335262,62.489872
842,62.335262,62.556137,62.489872
843,62.51196,62.46778,62.26901
844,62.423607,62.51196,62.40152
845,62.556137,62.46778,62.26901
846,62.224842,62.688683,62.489872
847,62.379436,62.40152,62.578228
848,62.423607,62.60032,62.224842
849,62.40152,62.335262,62.51196
850,62.51196,62.556137,62.224842
851,62.51196,62.53405,62.31318
852,62.754963,62.31318,62.158596
853,62.423607,62.51196,62.31318
854,62.35735,62.51196,62.379436
855,62.46778,62.423607,62.35735
856,62.489872,62.51196,62.335262
857,62.423607,62.6445,62.18068
858,62.46778,62.47884,62.257973
859,62.51196,62.31318,62.335262
860,62.445694,62.46778,62.31318
861,62.511963,62.47883,62.280052
862,62.578228,62.489872,62.246925
863,62.40152,62.423607,62.445694
864,62.368393,62.46778,62.34631
865,62.335262,62.51196,62.246925
866,62.335262,62.335262,62.489872
867,62.35735,62.379433,62.445694
868,62.379436,62.423607,62.40152
869,62.73287,62.489872,62.114433
870,62.534065,62.500916,62.302155
871,62.335262,62.51196,62.489872
872,62.6445,62.31318,62.335262
873,62.567184,62.39048,62.40152
874,62.489872,62.46778,62.46778
875,62.401527,62.412567,62.48987
876,62.31318,62.35735,62.51196
877,62.335262,62.60032,62.40152
878,62.39416,62.62241,62.372074
879,62.45306,62.6445,62.342625
880,62.51196,62.66659,62.31318
881,62.51196,62.799152,62.070274
882,62.51196,62.644524,62.18069
883,62.51196,62.48989,62.291103
884,62.51196,62.335262,62.40152
885,62.158596,62.688683,62.489872
886,62.28375,62.651863,62.467785
887,62.408897,62.615047,62.445694
888,62.53405,62.578228,62.423607
889,62.523003,62.545094,62.368393
890,62.51196,62.51196,62.31318
891,62.57823,62.545094,62.25797
892,62.6445,62.578228,62.20276
893,62.52301,62.46779,62.30214
894,62.40152,62.35735,62.40152
895,62.35735,62.346306,62.45674
896,62.31318,62.335262,62.51196
897,62.31318,62.423607,62.489872
898,62.53405,62.489872,62.335262
899,62.40152,62.688683,62.31318
900,62.489872,62.51196,62.291096
901,62.31318,62.379436,62.489872
902,62.379436,62.51196,62.489872
903,62.51196,62.60032,62.335262
904,62.489872,62.136513,62.423607
905,62.51196,62.6445,62.136513
906,62.66659,62.31318,62.335262
907,62.578228,62.445694,62.335262
908,62.51196,62.46778,62.445694
909,62.423607,62.754963,62.136513
910,62.46778,62.46778,62.379436
911,62.51196,62.62241,62.158596
912,62.60032,62.66659,62.20276
913,62.489872,62.40152,62.335262
914,62.335262,62.6445,62.31318
915,62.46778,62.51196,62.335262
916,62.66659,62.224842,62.246925
917,62.335262,62.73287,62.224842
918,62.423607,62.489872,62.31318
919,62.31318,62.335262,62.6445
920,62.51196,62.60032,62.291096
921,62.379436,62.710777,62.224842
922,62.31318,62.246925,62.489872
923,62.489872,62.46778,62.31318
924,62.60032,62.60032,62.224842
925,62.40152,62.335262,62.40152
926,62.40152,62.423607,62.489872
927,62.51196,62.66659,62.136513
928,62.445694,62.51196,62.445694
929,62.092354,62.335262,62.66659
930,62.31318,62.31318,62.53405
931,62.688683,62.578228,62.246925
932,62.35735,62.51196,62.445694
933,62.379436,62.489872,62.246925
934,62.60032,62.66659,62.092354
935,62.44571,62.677635,62.202766
936,62.291096,62.688683,62.31318
937,62.51196,62.51196,62.246925
938,62.42361,62.60032,62.257965
939,62.335262,62.688683,62.26901
940,62.346306,62.732872,62.291092
941,62.35735,62.777058,62.31318
942,62.489872,62.335262,62.423607
943,62.45306,62.438343,62.40152
944,62.41625,62.54142,62.379436
945,62.379436,62.6445,62.35735
946,62.578247,62.567184,62.235893
947,62.777058,62.489872,62.114433
948,62.567204,62.489872,62.224846
949,62.35735,62.489872,62.335262
950,62.42361,62.45674,62.32422
951,62.489872,62.423607,62.31318
952,62.58928,62.500916,62.24693
953,62.688683,62.578228,62.18068
954,62.66659,62.489876,62.224846
955,62.6445,62.40152,62.26901
956,62.35735,62.556137,62.423607
957,62.35735,62.51196,62.423607
958,62.53405,62.53405,62.335262
959,62.335262,62.73287,62.26901
960,62.60032,62.489872,62.246925
961,62.335262,62.40152,62.51196
962,62.31318,62.423607,62.489872
963,62.489872,62.51196,62.31318
964,62.31318,62.246925,62.688683
965,62.556137,62.445694,62.31318
966,62.51196,62.578228,62.291096
967,62.60032,62.578228,62.136513
968,62.51196,62.489872,62.335262
969,62.224842,62.335262,62.62241
970,62.51196,62.489872,62.31318
971,62.46778,62.31318,62.335262
972,62.335262,62.60032,62.31318
973,62.489872,62.51196,62.335262
974,62.31318,62.31318,62.51196
975,62.710777,62.489872,62.158596
976,62.31318,62.26901,62.51196
977,62.048195,62.335262,62.60032
978,62.423607,62.335262,62.53405
979,62.158596,62.777058,62.31318
980,62.578228,62.51196,62.335262
981,62.31318,62.35735,62.51196
982,62.489872,62.688683,62.20276
983,62.40152,62.51196,62.31318
984,62.335262,62.688683,62.26901
985,62.40152,62.40152,62.40152
986,62.62241,62.40152,62.335262
987,62.335262,62.53405,62.40152
988,62.578228,62.53405,62.26901
989,62.688683,62.578228,62.158596
990,62.578228,62.556137,62.335262
991,62.4457,62.412575,62.46779
992,62.31318,62.26901,62.60032
993,62.423607,62.40152,62.46778
994,62.45674,62.567192,62.302147
995,62.489872,62.73287,62.136513
996,62.60032,62.578228,62.224842
997,62.511963,62.545094,62.291096
998,62.423607,62.51196,62.35735
999,62.423607,62.51196,62.46778
1000,62.39048,62.51196,62.46778
1001,62.35735,62.51196,62.46778
1002,62.40152,62.556137,62.40152
1003,62.445694,62.60032,62.335262
1004,62.445694,62.58559,62.283733
1005,62.445694,62.570866,62.23221
1006,62.445694,62.556137,62.18068
1007,62.224842,62.423607,62.489872
1008,62.29846,62.43833,62.445698
1009,62.372078,62.453056,62.401524
1010,62.445694,62.46778,62.35735
1011,62.688683,62.578228,62.158596
1012,62.651863,62.475155,62.246933
1013,62.615047,62.37208,62.33527
1014,62.578228,62.26901,62.423607
1015,62.445694,62.489872,62.335262
1016,62.489872,62.401527,62.349987
1017,62.53405,62.313187,62.36471
1018,62.578228,62.224842,62.379436
1019,62.60032,62.335266,62.35735
1020,62.62241,62.445694,62.335262
1021,62.500923,62.500916,62.32422
1022,62.379436,62.556137,62.31318
1023,62.445698,62.60032,62.24693
1024,62.51196,62.6445,62.18068
1025,62.51196,62.589275,62.257973
1026,62.51196,62.53405,62.335262
1027,62.45674,62.401527,62.434654
1028,62.40152,62.26901,62.53405
1029,62.423607,62.556137,62.379436
1030,62.423607,62.46778,62.31318
1031,62.777058,62.66659,61.981956
1032,62.51196,62.53405,62.335262
1033,62.6445,62.489872,62.26901
1034,62.31318,62.423607,62.489872
1035,62.66659,62.26901,62.335262
1036,62.40152,62.60032,62.489872
1037,62.578228,62.445694,62.35735
1038,62.51196,62.35735,62.423607
1039,62.335262,62.51196,62.335262
1040,62.53405,62.423607,62.423607
1041,62.489872,62.40152,62.379436
1042,62.445694,62.489872,62.335262
1043,62.423607,62.73287,62.224842
1044,62.379436,62.556137,62.40152
1045,62.51196,62.66659,62.26901
1046,62.688683,62.31318,62.20276
1047,62.40152,62.379436,62.489872
1048,62.688683,62.66659,62.31318
1049,62.51196,62.578228,62.26901
1050,62.51196,62.51196,62.335262
1051,62.66659,62.31318,62.423607
1052,62.578228,62.53405,62.40152
1053,62.51196,62.66659,62.26901
1054,62.46778,62.35735,62.46778
1055,62.53405,62.489872,62.335262
1056,62.511963,62.412567,62.379433
1057,62.489872,62.335262,62.423607
1058,62.46778,62.489872,62.35735
1059,62.57823,62.53405,62.269012
1060,62.688683,62.578228,62.18068
1061,62.335262,62.53405,62.489872
1062,62.51197,62.666603,62.291115
1063,62.688683,62.799152,62.092354
1064,62.5451,62.600334,62.280067
1065,62.40152,62.40152,62.46778
1066,62.35735,62.40152,62.35735
1067,62.401524,62.379433,62.408886
1068,62.445698,62.35735,62.460423
1069,62.489872,62.335262,62.51196
1070,62.31318,62.335262,62.556137
1071,62.430984,62.335262,62.49724
1072,62.548786,62.335262,62.438335
1073,62.66659,62.335262,62.379436
1074,62.335262,62.556137,62.335262
1075,62.36471,62.53405,62.35735
1076,62.394157,62.51196,62.379433
1077,62.423607,62.489872,62.40152
1078,62.633476,62.401527,62.324223
1079,62.84334,62.31318,62.246925
1080,62.710785,62.45675,62.269012
1081,62.578228,62.60032,62.291096
1082,62.53405,62.511963,62.346306
1083,62.489872,62.423607,62.40152
1084,62.401527,62.46778,62.40152
1085,62.31318,62.51196,62.40152
1086,62.51196,62.53405,62.335262
1087,62.20276,62.51196,62.489872
1088,62.51196,62.578228,62.31318
1089,62.51196,62.489872,62.379436
1090,62.688683,62.865437,62.048195
1091,62.556137,62.445694,62.35735
1092,62.489872,62.158596,62.688683
1093,62.51196,62.688683,62.224842
1094,62.754963,62.445694,62.335262
1095,62.20276,62.335262,62.66659
1096,62.489872,62.51196,62.246925
1097,62.62241,62.53405,62.246925
1098,62.66659,62.31318,62.335262
1099,62.46778,62.335262,62.60032
1100,62.688683,62.66659,62.246925
1101,62.66659,62.40152,62.26901
1102,62.26901,62.335262,62.66659
1103,62.379436,62.46778,62.46778
1104,62.46778,62.379436,62.51196
1105,62.35735,62.335262,62.51196
1106,62.51196,62.556137,62.335262
1107,62.31318,62.379436,62.489872
1108,62.423607,62.379436,62.31318
1109,62.62241,62.40152,62.291096
1110,62.688683,62.66659,62.136513
1111,62.445694,62.489872,62.40152
1112,62.31318,62.423607,62.556137
1113,62.6445,62.31318,62.246925
1114,62.445694,62.46778,62.423607
1115,62.35735,62.60032,62.31318
1116,62.335262,62.578228,62.26901
1117,62.35735,62.379436,62.489872
1118,62.66659,62.423607,62.335262
1119,62.46778,62.6445,62.31318
1120,62.246925,62.688683,62.31318
1121,62.578228,62.445694,62.335262
1122,62.545094,62.556145,62.280052
1123,62.51196,62.66659,62.224842
1124,62.51196,62.578228,62.291096
1125,62.48987,62.545094,62.357353
1126,62.46778,62.51196,62.423607
1127,62.754963,62.489872,62.070274
1128,62.611374,62.47883,62.191727
1129,62.46778,62.46778,62.31318
1130,62.51196,62.60032,62.31318
1131,62.589275,62.545097,62.235886
1132,62.66659,62.489872,62.158596
1133,62.46778,62.40152,62.51196
1134,62.43465,62.368393,62.523003
1135,62.40152,62.335262,62.53405
1136,62.489872,62.51196,62.423607
1137,62.500916,62.523003,62.39048
1138,62.51196,62.53405,62.35735
1139,62.42361,62.611366,62.335266
1140,62.335262,62.688683,62.31318
1141,62.578228,62.578228,62.335262
1142,62.526688,62.615047,62.3868
1143,62.475147,62.651863,62.438335
1144,62.423607,62.688683,62.489872
1145,62.379436,62.60032,62.40152
1146,62.42361,62.659233,62.34263
1147,62.467785,62.718143,62.283733
1148,62.51196,62.777058,62.224842
1149,62.57823,62.633465,62.235886
1150,62.6445,62.489872,62.246925
1151,62.534054,62.500916,62.3684
1152,62.423607,62.51196,62.489872
1153,62.556145,62.500916,62.346313
1154,62.688683,62.489872,62.20276
1155,62.58928,62.47883,62.324226
1156,62.489872,62.46778,62.445694
1157,62.412567,62.48987,62.379436
1158,62.335262,62.51196,62.31318
1159,62.42361,62.589275,62.31318
1160,62.51196,62.66659,62.31318
1161,62.523003,62.65555,62.291092
1162,62.53405,62.6445,62.26901
1163,62.489872,62.246925,62.423607
1164,62.445694,62.556137,62.40152
1165,62.246925,62.688683,62.489872
1166,62.53405,62.445694,62.423607
1167,62.46778,62.51196,62.31318
1168,62.004036,62.379436,62.777058
1169,62.51196,62.60032,62.35735
1170,62.688683,62.489872,62.158596
1171,62.423607,62.578228,62.31318
1172,62.31318,62.423607,62.40152
1173,62.40152,62.40152,62.51196
1174,62.489872,62.578228,62.335262
1175,62.489872,62.489872,62.379436
1176,62.51196,62.66659,62.291096
1177,62.51196,62.60032,62.31318
1178,62.53405,62.423607,62.46778
1179,62.35735,62.51196,62.489872
1180,62.445694,62.35735,62.46778
1181,62.51196,62.6445,62.114433
1182,62.489872,62.46778,62.423607
1183,62.51196,62.688683,62.26901
1184,62.51196,62.423607,62.379436
1185,62.688683,62.66659,61.981956
1186,62.26901,62.335262,62.60032
1187,62.51196,62.489872,62.40152
1188,62.53405,62.31318,62.35735
1189,62.35735,62.51196,62.423607
1190,62.51196,62.51196,62.40152
1191,62.40152,62.51196,62.489872
1192,62.53405,62.46778,62.26901
1193,62.224842,62.688683,62.578228
1194,62.578228,62.489872,62.35735
1195,62.578228,62.578228,62.335262
1196,62.136513,62.335262,62.6445
1197,62.40152,62.423607,62.423607
1198,62.335262,62.556137,62.35735
1199,62.60032,62.489872,62.246925
1200,62.50092,62.523003,62.31318
1201,62.40152,62.556137,62.379436
1202,62.66659,62.40152,62.335262
1203,62.60032,62.489876,62.32422
1204,62.53405,62.578228,62.31318
1205,62.489872,62.46778,62.423607
1206,62.58928,62.48987,62.379433
1207,62.688683,62.51196,62.335262
1208,62.51196,62.66659,62.335262
1209,62.45674,62.534058,62.379433
1210,62.40152,62.40152,62.423607
1211,62.445694,62.51196,62.379436
1212,62.556145,62.412567,62.35735
1213,62.66659,62.31318,62.335262
1214,62.489883,62.50093,62.412567
1215,62.31318,62.688683,62.489872
1216,62.6445,62.489872,62.31318
1217,62.51197,62.412567,62.412567
1218,62.379436,62.335262,62.51196
1219,62.51196,62.46778,62.423607
1220,62.45306,62.453056,62.453056
1221,62.39416,62.43833,62.48251
1222,62.335262,62.423607,62.51196
1223,62.423607,62.556137,62.31318
1224,62.453056,62.548775,62.31318
1225,62.48251,62.541412,62.31318
1226,62.51196,62.53405,62.31318
1227,62.556137,62.655556,62.202766
1228,62.60032,62.777058,62.092354
1229,62.578228,62.633465,62.269024
1230,62.556137,62.489872,62.445694
1231,62.47883,62.500916,62.456738
1232,62.40152,62.51196,62.46778
1233,62.5451,62.545094,62.357353
1234,62.688683,62.578228,62.246925
1235,62.51196,62.423607,62.40152
1236,62.335262,62.6445,62.35735
1237,62.40152,62.445694,62.51196
1238,62.335262,62.688683,62.423607
1239,62.445694,62.51196,62.31318
1240,62.6445,62.40152,62.335262
1241,62.26901,62.379436,62.51196
1242,62.578228,62.31318,62.335262
1243,62.53405,62.20276,62.423607
1244,62.445694,62.423607,62.51196
1245,62.66659,62.46778,62.335262
1246,62.556137,62.66659,62.31318
1247,62.53405,62.578228,62.246925
1248,62.31318,62.335262,62.62241
1249,62.335262,62.688683,62.26901
1250,62.578228,62.489872,62.335262
1251,62.66659,62.224842,62.53405
1252,62.60032,62.60032,62.246925
1253,62.31318,62.335262,62.688683
1254,62.489872,62.26901,62.423607
1255,62.423607,62.688683,62.26901
1256,62.556137,62.754963,62.136513
1257,62.567184,62.666595,62.20276
1258,62.578228,62.578228,62.26901
1259,62.556137,62.26901,62.51196
1260,62.500916,62.257965,62.51196
1261,62.445694,62.246925,62.51196
1262,62.66659,62.31318,62.224842
1263,62.57823,62.32422,62.346313
1264,62.489872,62.335262,62.46778
1265,62.53405,62.489872,62.40152
1266,62.4457,62.412567,62.50092
1267,62.35735,62.335262,62.60032
1268,62.423607,62.688683,62.26901
1269,62.412563,62.688683,62.368393
1270,62.40152,62.688683,62.46778
1271,62.52301,62.633453,62.313187
1272,62.6445,62.578228,62.158596
1273,62.578228,62.379436,62.379436
1274,62.526688,62.467793,62.34263
1275,62.475147,62.556145,62.305817
1276,62.423607,62.6445,62.26901
1277,62.53405,62.556137,62.291096
1278,62.519325,62.46779,62.364716
1279,62.504597,62.379444,62.43834
1280,62.489872,62.291096,62.51196
1281,62.688683,62.489872,62.246925
1282,62.600323,62.504597,62.27637
1283,62.511967,62.519325,62.305817
1284,62.423607,62.53405,62.335262
1285,62.500916,62.511963,62.346306
1286,62.578228,62.489872,62.35735
1287,62.401535,62.58928,62.412567
1288,62.224842,62.688683,62.46778
1289,62.456764,62.60032,62.368393
1290,62.688683,62.51196,62.26901
1291,62.34636,62.51196,62.4678
1292,62.004036,62.51196,62.66659
1293,62.169647,62.48987,62.534058
1294,62.335262,62.46778,62.40152
1295,62.62241,62.489872,62.291096
1296,62.578228,62.489872,62.291096
1297,62.46778,62.51196,62.35735
1298,62.51196,62.66659,62.224842
1299,62.578228,62.578228,62.224842
1300,62.20276,62.688683,62.31318
1301,62.35735,62.51196,62.35735
1302,62.335262,62.688683,62.489872
1303,62.335262,62.777058,62.224842
1304,62.51196,62.40152,62.335262
1305,62.489872,62.158596,62.46778
1306,62.6445,62.51196,62.335262
1307,62.489872,62.423607,62.423607
1308,62.158596,62.51196,62.66659
1309,62.489872,62.423607,62.35735
1310,62.26901,62.158596,62.688683
1311,62.53405,62.46778,62.335262
1312,62.6445,62.46778,62.224842
1313,62.53405,62.46778,62.335262
1314,62.423607,62.379436,62.46778
1315,62.578228,62.40152,62.335262
1316,62.224842,62.246925,62.62241
1317,62.489872,62.335262,62.53405
1318,62.62241,62.62241,62.31318
1319,62.51196,62.51196,62.26901
1320,62.35735,62.51196,62.51196
1321,62.556137,62.489872,62.26901
1322,62.53405,62.423607,62.335262
1323,62.291096,62.335262,62.66659
1324,62.489872,62.445694,62.335262
1325,62.136513,62.688683,62.578228
1326,62.578228,62.423607,62.423607
1327,62.35735,62.51196,62.489872
1328,62.777058,62.46778,61.981956
1329,62.556137,62.51196,62.423607
1330,62.4457,62.51196,62.368393
1331,62.335262,62.51196,62.31318
1332,62.578228,62.224842,62.423607
1333,62.62241,62.335266,62.302143
1334,62.66659,62.445694,62.18068
1335,62.60032,62.578228,62.18068
1336,62.556137,62.489876,62.24693
1337,62.51196,62.40152,62.31318
1338,62.51196,62.489872,62.423607
1339,62.556137,62.45674,62.40152
1340,62.60032,62.423607,62.379436
1341,62.556137,62.45674,62.335266
1342,62.51196,62.489872,62.291096
1343,62.35735,62.423607,62.556137
1344,62.434654,62.545097,62.36841
1345,62.51196,62.66659,62.18068
1346,62.84334,62.578228,62.158596
1347,62.666622,62.556137,62.298473
1348,62.4899,62.53405,62.43835
1349,62.31318,62.51196,62.578228
1350,62.53405,62.51196,62.35735
1351,62.53405,62.475147,62.36471
1352,62.53405,62.43833,62.372074
1353,62.53405,62.40152,62.379436
1354,62.51196,62.51196,62.445694
1355,62.475147,62.467785,62.46778
1356,62.43833,62.42361,62.489872
1357,62.40152,62.379436,62.51196
1358,62.489876,62.478832,62.42361
1359,62.578228,62.578228,62.335262
1360,62.545094,62.578228,62.346306
1361,62.51196,62.578228,62.35735
1362,62.523003,62.58927,62.335266
1363,62.53405,62.60032,62.31318
1364,62.489872,62.6445,62.31318
1365,62.445694,62.688683,62.31318
1366,62.754963,62.66659,62.20276
1367,62.51196,62.60032,62.31318
1368,62.51196,62.51196,62.40152
1369,62.578228,62.31318,62.51196
1370,62.51196,62.51196,62.291096
1371,62.489872,62.224842,62.51196
1372,62.489872,62.31318,62.40152
1373,62.40152,62.423607,62.379436
1374,62.445694,62.20276,62.60032
1375,62.51196,62.489872,62.31318
1376,62.799152,62.489872,62.136513
1377,62.445694,62.423607,62.379436
1378,62.53405,62.66659,62.048195
1379,62.60032,62.53405,62.35735
1380,62.578228,62.578228,62.20276
1381,62.31318,62.246925,62.688683
1382,62.31318,62.40152,62.51196
1383,62.777058,62.66659,62.070274
1384,62.6445,62.445694,62.40152
1385,62.556137,62.556137,62.335262
1386,62.66659,62.26901,62.379436
1387,62.53405,62.51196,62.35735
1388,62.511963,62.335278,62.4457
1389,62.489872,62.158596,62.53405
1390,62.335262,62.66659,62.31318
1391,62.39048,62.611366,62.32422
1392,62.445694,62.556137,62.335262
1393,62.688683,62.97592,61.981956
1394,62.6445,62.777077,62.158607
1395,62.60032,62.578228,62.335262
1396,62.51196,62.578228,62.158596
1397,62.60032,62.611366,62.19172
1398,62.688683,62.6445,62.224842
1399,62.489872,62.423607,62.379436
1400,62.401527,62.423607,62.489876
1401,62.31318,62.423607,62.60032
1402,62.51196,62.51196,62.31318
1403,62.42361,62.64451,62.31318
1404,62.335262,62.777058,62.31318
1405,62.39048,62.655556,62.346306
1406,62.445694,62.53405,62.379436
1407,62.40152,62.62241,62.578228
1408,62.51196,62.489872,62.31318
1409,62.51196,62.60032,62.31318
1410,62.18068,62.688683,62.578228
1411,62.423607,62.688683,62.31318
1412,62.335262,62.51196,62.40152
1413,62.865437,62.489872,62.026115
1414,62.489872,62.66659,62.31318
1415,62.777058,62.489872,62.070274
1416,62.688683,62.66659,62.20276
1417,62.578228,62.489872,62.335262
1418,62.556137,62.578228,62.158596
1419,62.556137,62.489872,62.246925
1420,62.335262,62.556137,62.31318
1421,62.51196,62.688683,62.224842
1422,62.46778,62.51196,62.40152
1423,62.445694,62.335262,62.445694
1424,62.40152,62.423607,62.46778
1425,62.445694,62.46778,62.423607
1426,62.51196,62.423607,62.423607
1427,62.35735,62.51196,62.60032
1428,62.821247,62.66659,62.158596
1429,62.51196,62.53405,62.31318
1430,62.51196,62.6445,62.224842
1431,62.35735,62.51196,62.46778
1432,62.445694,62.224842,62.379436
1433,62.710777,62.578228,62.246925
1434,62.46778,62.423607,62.423607
1435,62.489872,62.31318,62.379436
1436,62.53405,62.53405,62.35735
1437,62.51196,62.46778,62.31318
1438,62.821247,62.31318,62.158596
1439,62.666603,62.434658,62.24693
1440,62.51196,62.556137,62.335262
1441,62.578228,62.35735,62.335262
1442,62.578228,62.291096,62.39048
1443,62.578228,62.224842,62.445694
1444,62.335262,62.335262,62.60032
1445,62.500927,62.368393,62.423622
1446,62.66659,62.40152,62.246925
1447,62.53405,62.423607,62.335262
1448,62.523003,62.600334,62.269012
1449,62.51196,62.777058,62.20276
1450,62.556137,62.677643,62.2138
1451,62.60032,62.578228,62.224842
1452,62.489872,62.489872,62.35735
1453,62.57823,62.401527,62.346306
1454,62.66659,62.31318,62.335262
1455,62.51196,62.60032,62.35735
1456,62.541412,62.62241,62.30582
1457,62.570866,62.6445,62.254288
1458,62.60032,62.66659,62.20276
1459,62.445694,62.445694,62.489872
1460,62.46042,62.46778,62.467785
1461,62.475147,62.489872,62.445694
1462,62.489872,62.51196,62.423607
1463,62.18068,62.556137,62.578228
1464,62.29847,62.548775,62.5046
1465,62.41626,62.541412,62.430977
1466,62.53405,62.53405,62.35735
1467,62.246925,62.51196,62.62241
1468,62.27637,62.563503,62.54878
1469,62.305817,62.615047,62.47515
1470,62.335262,62.66659,62.40152
1471,62.35735,62.556145,62.412563
1472,62.379436,62.445694,62.423607
1473,62.434654,62.423607,62.423607
1474,62.489872,62.40152,62.423607
1475,62.46778,62.47883,62.379433
1476,62.445694,62.556137,62.335262
1477,62.47883,62.677643,62.235886
1478,62.51196,62.799152,62.136513
1479,62.246925,62.688683,62.31318
1480,62.31318,62.556137,62.489872
1481,62.60032,62.62241,62.048195
1482,62.46778,62.556137,62.423607
1483,62.445694,62.53405,62.445694
1484,62.489872,62.51196,62.35735
1485,62.489872,62.60032,62.31318
1486,62.40152,62.20276,62.51196
1487,62.60032,62.6445,62.291096
1488,62.6445,62.66659,62.224842
1489,62.578228,62.335262,62.688683
1490,62.423607,62.489872,62.40152
1491,62.578228,62.423607,62.31318
1492,62.423607,62.688683,62.31318
1493,62.291096,62.51196,62.489872
1494,62.246925,62.688683,62.31318
1495,62.423607,62.60032,62.335262
1496,62.578228,62.18068,62.423607
1497,62.445694,62.556137,62.489872
1498,62.51196,62.51196,62.246925
1499,62.423607,62.799152,62.136513
1500,62.46778,62.423607,62.445694
1501,62.578228,62.224842,62.51196
1502,62.291096,62.60032,62.489872
1503,62.51196,62.62241,62.335262
1504,62.66659,62.489872,62.246925
1505,62.423607,62.51196,62.40152
1506,62.51196,62.66659,62.18068
1507,62.51196,62.53405,62.35735
1508,62.556137,62.423607,62.40152
1509,62.489872,62.489872,62.335262
1510,62.35735,62.379436,62.489872
1511,62.423607,62.556137,62.379436
1512,62.46778,62.46778,62.40152
1513,62.489872,62.60032,62.335262
1514,62.66659,62.489872,62.291096
1515,62.545097,62.511963,62.335266
1516,62.423607,62.53405,62.379436
1517,62.578228,62.40152,62.556137
1518,62.578228,62.445694,62.46779
1519,62.578228,62.489872,62.379436
1520,62.51196,62.688683,62.31318
1521,62.589275,62.523018,62.368393
1522,62.66659,62.35735,62.423607
1523,62.615047,62.379436,62.423607
1524,62.563503,62.40152,62.423607
1525,62.51196,62.423607,62.423607
1526,62.688683,62.578228,62.246925
1527,62.65923,62.615047,62.239563
1528,62.629772,62.651863,62.232204
1529,62.60032,62.688683,62.224842
1530,62.511963,62.62241,62.269012
1531,62.423607,62.556137,62.31318
1532,62.335266,62.666595,62.31318
1533,62.246925,62.777058,62.31318
1534,62.412575,62.655556,62.32422
1535,62.578228,62.53405,62.335262
1536,62.379456,62.611366,62.456745
1537,62.18068,62.688683,62.578228
1538,62.34632,62.69973,62.43466
1539,62.51196,62.710777,62.291096
1540,62.40152,62.26901,62.51196
1541,62.688683,62.578228,62.158596
1542,62.445694,62.60032,62.489872
1543,62.335262,62.821247,62.224842
1544,62.224842,62.51196,62.489872
1545,62.556137,62.51196,62.335262
1546,62.777058,62.578228,62.158596
1547,62.51196,62.445694,62.445694
1548,62.754963,62.66659,62.246925
1549,62.489872,62.335262,62.51196
1550,62.60032,62.62241,62.26901
1551,62.62241,62.31318,62.51196
1552,62.46778,62.489872,62.46778
1553,62.578228,62.35735,62.423607
1554,62.688683,62.66659,62.31318
1555,62.335262,62.60032,62.423607
1556,62.556137,62.66659,62.246925
1557,62.62241,62.53405,62.31318
1558,62.688683,62.66659,62.114433
1559,62.60032,62.66659,62.048195
1560,62.578228,62.60032,62.26901
1561,62.46778,62.60032,62.224842
1562,62.423607,62.60032,62.445694
1563,62.62241,62.489872,62.335262
1564,62.688683,62.423607,62.136513
1565,62.60032,62.578228,62.246925
1566,62.688683,62.60032,62.158596
1567,62.423607,62.51196,62.445694
1568,62.688683,62.489872,62.335262
1569,62.379436,62.51196,62.489872
1570,62.51196,62.66659,62.224842
1571,62.423607,62.799152,62.136513
1572,62.51196,62.578228,62.35735
1573,62.53405,62.423607,62.46778
1574,62.556137,62.578228,62.246925
1575,62.335262,62.578228,62.489872
1576,62.31318,62.53405,62.489872
1577,62.39048,62.47883,62.45674
1578,62.46778,62.423607,62.423607
1579,62.423607,62.777058,62.31318
1580,62.62243,62.633465,62.32422
1581,62.821247,62.489872,62.335262
1582,62.35735,62.423607,62.35735
1583,62.523018,62.545097,62.280052
1584,62.688683,62.66659,62.20276
1585,62.40152,62.51196,62.489872
1586,62.45674,62.64451,62.313194
1587,62.51196,62.777058,62.136513
1588,62.42361,62.64451,62.313194
1589,62.335262,62.51196,62.489872
1590,62.556137,62.445694,62.35735
1591,62.500916,62.34631,62.478836
1592,62.445694,62.246925,62.60032
1593,62.158596,62.423607,62.62241
1594,62.327927,62.475147,62.482525
1595,62.49726,62.526688,62.342644
1596,62.66659,62.578228,62.20276
1597,62.335262,62.688683,62.31318
1598,62.372074,62.629776,62.335266
1599,62.408882,62.570866,62.35735
1600,62.445694,62.51196,62.379436
1601,62.423607,62.556137,62.489872
1602,62.460423,62.541412,62.460423
1603,62.497234,62.526684,62.43097
1604,62.53405,62.51196,62.40152
1605,62.53405,62.48987,62.35735
1606,62.53405,62.46778,62.31318
1607,62.611366,62.63347,62.202766
1608,62.688683,62.799152,62.092354
1609,62.633453,62.644512,62.25798
1610,62.578228,62.489872,62.423607
1611,62.42362,62.335274,62.511963
1612,62.26901,62.18068,62.60032
1613,62.31318,62.31318,62.578228
1614,62.31318,62.423607,62.578228
1615,62.31318,62.335262,62.60032
1616,62.53405,62.6445,62.291096
1617,62.379436,62.51196,62.578228
1618,62.578228,62.46778,62.246925
1619,62.578228,62.60032,62.291096
1620,62.31318,62.51196,62.40152
1621,62.46778,62.556137,62.18068
1622,62.688683,62.754963,62.136513
1623,62.51196,62.51196,62.335262
1624,62.688683,62.578228,62.20276
1625,62.31318,62.423607,62.40152
1626,62.489872,62.489872,62.31318
1627,62.445694,62.26901,62.53405
1628,62.445694,62.335262,62.423607
1629,62.66659,62.489872,62.158596
1630,62.578228,62.31318,62.335262
1631,62.46778,62.60032,62.246925
1632,62.62241,62.379436,62.335262
1633,62.40152,62.335262,62.6445
1634,62.51196,62.60032,62.26901
1635,62.90963,62.489872,62.158596
1636,62.379436,62.62241,62.40152
1637,62.445694,62.35735,62.40152
1638,62.489872,62.40152,62.51196
1639,62.53405,62.46778,62.379436
1640,62.66659,62.489872,62.335262
1641,62.35735,62.489872,62.379436
1642,62.224842,62.246925,62.688683
1643,62.456764,62.445713,62.39052
1644,62.688683,62.6445,62.092354
1645,62.335262,62.6445,62.31318
1646,62.335262,62.62241,62.31318
1647,62.335262,62.60032,62.31318
1648,62.423607,62.40152,62.35735
1649,62.423607,62.511963,62.335266
1650,62.423607,62.62241,62.31318
1651,62.335262,62.578228,62.31318
1652,62.368393,62.567184,62.346306
1653,62.40152,62.556137,62.379436
1654,62.688683,62.66659,62.048195
1655,62.611366,62.57823,62.191727
1656,62.53405,62.489872,62.335262
1657,62.545094,62.412567,62.379433
1658,62.556137,62.335262,62.423607
1659,62.423607,62.51196,62.35735
1660,62.379433,62.434654,62.35735
1661,62.335262,62.35735,62.35735
1662,62.51196,62.688683,62.31318
1663,62.48251,62.629776,62.27637
1664,62.453056,62.570866,62.239567
1665,62.423607,62.51196,62.20276
1666,62.688683,62.445694,62.26901
1667,62.563515,62.364716,62.379444
1668,62.438347,62.283737,62.489883
1669,62.31318,62.20276,62.60032
1670,62.379436,62.40154,62.50092
1671,62.445694,62.60032,62.40152
1672,62.600327,62.45675,62.368393
1673,62.754963,62.31318,62.335262
1674,62.622417,62.401527,62.35735
1675,62.489872,62.489872,62.379436
1676,62.335262,62.40152,62.35735
1677,62.40152,62.51196,62.51196
1678,62.489872,62.46778,62.335262
1679,62.335262,62.51196,62.40152
1680,62.53405,62.60032,62.31318
1681,62.489872,62.070274,62.688683
1682,62.489872,62.423607,62.423607
1683,62.51196,62.556137,62.246925
1684,62.60032,62.6445,62.136513
1685,62.62241,62.62241,62.048195
1686,62.40152,62.335262,62.6445
1687,62.51196,62.66659,62.158596
1688,62.445694,62.423607,62.51196
1689,62.31318,62.60032,62.489872
1690,62.51196,62.423607,62.335262
1691,62.62241,62.578228,62.291096
1692,62.40152,62.335262,62.51196
1693,62.335262,62.60032,62.31318
1694,62.423607,62.578228,62.31318
1695,62.40152,62.51196,62.335262
1696,62.53405,62.6445,62.246925
1697,62.51196,62.489872,62.26901
1698,62.423607,62.489872,62.31318
1699,62.423607,62.754963,62.31318
1700,62.51196,62.445694,62.35735
1701,62.423607,62.423607,62.445694
1702,62.60032,62.489872,62.335262
1703,62.51196,62.40152,62.158596
1704,62.224842,62.335262,62.60032
1705,62.60032,62.51196,62.20276
1706,62.688683,62.777058,61.95988
1707,62.26901,62.53405,62.423607
1708,62.335262,62.556137,62.26901
1709,62.556137,62.66659,62.026115
1710,62.556137,62.445694,62.335262
1711,62.246925,62.51196,62.489872
1712,62.46778,62.46778,62.31318
1713,62.51196,62.6445,62.18068
1714,62.31318,62.423607,62.423607
1715,62.51196,62.51196,62.31318
1716,62.51196,62.865437,61.95988
1717,62.60032,62.489872,62.335262
1718,62.60032,62.489872,62.335262
1719,62.53405,62.47883,62.346306
1720,62.46778,62.46778,62.35735
1721,62.51196,62.46778,62.31318
1722,62.46778,62.51196,62.31318
1723,62.423607,62.556137,62.31318
1724,62.40152,62.379436,62.46778
1725,62.423607,62.46779,62.40152
1726,62.445694,62.556137,62.335262
1727,62.66659,62.31318,62.246925
1728,62.611366,62.379436,62.246925
1729,62.556137,62.445694,62.246925
1730,62.335262,62.62241,62.335262
1731,62.335262,62.65555,62.280052
1732,62.335262,62.688683,62.224842
1733,62.39048,62.6445,62.224842
1734,62.445694,62.60032,62.224842
1735,62.60032,62.489872,62.070274
1736,62.50092,62.47883,62.202766
1737,62.40152,62.46778,62.335262
1738,62.335262,62.688683,62.26901
1739,62.372074,62.570877,62.34999
1740,62.408882,62.453068,62.430977
1741,62.445694,62.335262,62.51196
1742,62.35735,62.46778,62.335262
1743,62.346306,62.55614,62.32422
1744,62.335262,62.6445,62.31318
1745,62.46778,62.578228,62.31318
1746,62.60032,62.489872,62.20276
1747,62.335262,62.66659,62.136513
1748,62.46778,62.489872,62.224842
1749,62.754963,62.445694,62.158596
1750,62.46778,62.556137,62.423607
1751,62.66659,62.489872,62.335262
1752,62.335262,62.710777,62.26901
1753,62.46778,62.53405,62.224842
1754,62.31318,62.335262,62.578228
1755,62.423607,62.489872,62.335262
1756,62.51196,62.710777,62.136513
1757,62.46778,62.51196,62.379436
1758,62.578228,62.40152,62.31318
1759,62.35735,62.46778,62.489872
1760,62.46778,62.445694,62.335262
1761,62.66659,62.35735,62.335262
1762,62.51196,62.66659,62.224842
1763,62.489872,62.423607,62.445694
1764,62.489872,62.224842,62.423607
1765,62.335262,62.379436,62.445694
1766,62.578228,62.489872,62.335262
1767,62.53405,62.423607,62.291096
1768,62.31318,62.46778,62.335262
1769,62.31318,62.158596,62.688683
1770,62.53405,62.40152,62.335262
1771,62.489872,62.31318,62.423607
1772,62.40152,62.291096,62.46778
1773,62.578228,62.445694,62.158596
1774,62.688683,62.66659,61.981956
1775,62.423607,62.62241,62.246925
1776,62.423607,62.489872,62.31318
1777,62.47883,62.434654,62.368393
1778,62.53405,62.379436,62.423607
1779,62.335262,62.688683,62.31318
1780,62.534065,62.633453,62.202766
1781,62.73287,62.578228,62.092354
1782,62.35735,62.335262,62.60032
1783,62.434654,62.368393,62.46779
1784,62.51196,62.40152,62.335262
1785,62.51196,62.66659,62.136513
1786,62.45674,62.589275,62.246933
1787,62.40152,62.51196,62.35735
1788,62.335262,62.688683,62.246925
1789,62.412567,62.456764,62.37944
1790,62.489872,62.224842,62.51196
1791,62.45674,62.46781,62.324234
1792,62.423607,62.710777,62.136513
1793,62.688683,62.31318,62.246925
1794,62.58928,62.35735,62.30214
1795,62.489872,62.40152,62.35735
1796,62.423607,62.688683,62.224842
1797,62.445694,62.59296,62.269012
1798,62.467785,62.497242,62.31318
1799,62.489872,62.40152,62.35735
1800,62.445694,62.31318,62.51196
1801,62.5046,62.372078,62.423615
1802,62.563503,62.430973,62.33527
1803,62.62241,62.489872,62.246925
1804,62.53405,62.47883,62.335266
1805,62.445694,62.46778,62.423607
1806,62.39048,62.445694,62.368393
1807,62.335262,62.423607,62.31318
1808,62.478836,62.47883,62.291092
1809,62.62241,62.53405,62.26901
1810,62.60032,62.31318,62.379436
1811,62.688683,62.62241,62.18068
1812,62.246925,62.423607,62.489872
1813,62.60032,62.53405,62.246925
1814,62.335262,62.578228,62.224842
1815,62.51196,62.40152,62.35735
1816,62.6445,62.489872,62.070274
1817,62.53405,62.489872,62.31318
1818,62.379436,62.26901,62.53405
1819,62.335262,62.556137,62.489872
1820,62.53405,62.46778,62.46778
1821,62.66659,62.31318,62.335262
1822,62.423607,62.51196,62.291096
1823,62.777058,62.578228,62.158596
1824,62.66659,62.445694,62.158596
1825,62.66659,62.26901,62.35735
1826,62.35735,62.489872,62.31318
1827,62.51196,62.556137,62.158596
1828,62.291096,62.688683,62.489872
1829,62.423607,62.62241,62.18068
1830,62.423607,62.51196,62.35735
1831,62.158596,62.777058,62.31318
1832,62.423607,62.46778,62.31318
1833,62.335262,62.865437,61.95988
1834,62.6445,62.578228,62.158596
1835,62.423607,62.6445,62.291096
1836,62.51196,62.799152,62.18068
1837,62.556137,62.51196,62.31318
1838,62.489872,62.136513,62.335262
1839,62.60032,62.66659,62.158596
1840,62.40152,62.6445,62.26901
1841,62.489872,62.489872,62.31318
1842,62.31318,62.51196,62.335262
1843,62.246925,62.688683,62.31318
1844,62.62241,62.31318,62.51196
1845,62.46778,62.578228,62.20276
1846,62.31318,62.26901,62.51196
1847,62.46778,62.688683,62.26901
1848,62.37208,62.688683,62.31318
1849,62.27638,62.688683,62.35735
1850,62.18068,62.688683,62.40152
1851,62.688683,62.40152,62.335262
1852,62.570877,62.47515,62.342625
1853,62.453068,62.54878,62.349987
1854,62.335262,62.62241,62.35735
1855,62.489872,62.335262,62.51196
1856,62.489872,62.372074,62.416252
1857,62.489872,62.408882,62.32055
1858,62.489872,62.445694,62.224842
1859,62.46778,62.379436,62.46778
1860,62.475143,62.41625,62.37944
1861,62.48251,62.45306,62.2911
1862,62.489872,62.489872,62.20276
1863,62.445694,62.53405,62.31318
1864,62.47883,62.523003,62.31318
1865,62.51196,62.51196,62.31318
1866,62.48987,62.45674,62.31318
1867,62.46778,62.40152,62.31318
1868,62.57823,62.511963,62.235886
1869,62.688683,62.62241,62.158596
1870,62.26901,62.73287,62.31318
1871,62.423607,62.66659,62.31318
1872,62.688683,62.53405,62.158596
1873,62.66659,62.556137,62.158596
1874,62.489872,62.335262,62.46778
1875,62.379436,62.445694,62.423607
1876,62.66659,62.489872,62.158596
1877,62.423607,62.224842,62.46778
1878,62.423607,62.379436,62.423607
1879,62.246925,62.51196,62.489872
1880,62.578228,62.423607,62.379436
1881,62.31318,62.60032,62.31318
1882,62.136513,62.246925,62.556137
1883,62.423607,62.489872,62.335262
1884,62.46778,62.53405,62.224842
1885,62.40152,62.335262,62.51196
1886,62.445694,62.335262,62.46778
1887,62.18068,62.489872,62.40152
1888,62.60032,62.578228,62.224842
1889,62.18068,62.379436,62.51196
1890,62.31318,62.335262,62.66659
1891,62.556137,62.578228,62.31318
1892,62.6445,62.224842,62.335262
1893,62.489872,62.379436,62.423607
1894,62.423607,62.73287,62.18068
1895,62.777058,62.489872,62.070274
1896,62.688683,62.40152,62.158596
1897,62.445694,62.335262,62.46778
1898,62.489872,62.445694,62.423607
1899,62.18068,62.556137,62.489872
1900,62.31318,62.379436,62.53405
1901,62.489872,62.489872,62.379436
1902,62.66659,62.578228,62.158596
1903,62.688683,62.578228,62.048195
1904,62.60032,62.445694,62.158596
1905,62.40152,62.246925,62.445694
1906,62.445694,62.423607,62.445694
1907,62.46778,62.423607,62.335262
1908,62.40152,62.500916,62.32422
1909,62.335262,62.578228,62.31318
1910,62.66659,62.40152,62.18068
1911,62.556145,62.50092,62.24693
1912,62.445694,62.60032,62.31318
1913,62.51196,62.489872,62.31318
1914,62.390484,62.500916,62.379436
1915,62.26901,62.51196,62.445694
1916,62.246925,62.53405,62.31318
1917,62.423622,62.511963,62.32422
1918,62.60032,62.489872,62.335262
1919,62.66659,62.489872,62.158596
1920,62.589275,62.523003,62.302147
1921,62.51196,62.556137,62.445694
1922,62.500916,62.390488,62.43465
1923,62.489872,62.224842,62.423607
1924,62.62241,62.489872,62.335262
1925,62.54878,62.489872,62.3279
1926,62.47515,62.489872,62.32054
1927,62.40152,62.489872,62.31318
1928,62.688683,62.66659,62.136513
1929,62.622414,62.6445,62.210125
1930,62.55614,62.62241,62.283737
1931,62.489872,62.60032,62.35735
1932,62.31318,62.46778,62.31318
1933,62.430984,62.497234,62.291096
1934,62.548786,62.526684,62.26901
1935,62.66659,62.556137,62.246925
1936,62.423607,62.423607,62.423607
1937,62.36471,62.460423,62.416245
1938,62.30582,62.497234,62.408882
1939,62.246925,62.53405,62.40152
1940,62.489872,62.51196,62.40152
1941,62.489872,62.34632,62.45674
1942,62.489872,62.18068,62.51196
1943,62.45674,62.43468,62.3684
1944,62.423607,62.688683,62.224842
1945,62.500916,62.5451,62.280052
1946,62.578228,62.40152,62.335262
1947,62.6445,62.489872,62.335262
1948,62.35735,62.53405,62.35735
1949,62.335262,62.40152,62.379436
1950,62.31318,62.688683,62.31318
1951,62.423607,62.84334,62.26901
1952,62.556137,62.46778,62.291096
1953,62.46778,62.489872,62.246925
1954,62.688683,62.40152,62.246925
1955,62.335262,62.73287,62.224842
1956,62.578228,62.53405,62.31318
1957,62.66659,62.31318,62.158596
1958,62.51196,62.62241,62.335262
1959,62.31318,62.224842,62.556137
1960,62.489872,62.291096,62.445694
1961,62.556137,62.489872,62.26901
1962,62.158596,62.688683,62.31318
1963,62.379436,62.578228,62.31318
1964,62.445694,62.40152,62.379436
1965,62.51196,62.66659,62.18068
1966,62.224842,62.46778,62.489872
1967,62.335262,62.710777,62.31318
1968,62.423607,62.578228,62.20276
1969,62.423607,62.688683,62.224842
1970,62.224842,62.445694,62.489872
1971,62.51196,62.66659,62.31318
1972,62.51196,62.799152,62.136513
1973,62.6445,62.53405,62.092354
1974,62.445694,62.40152,62.423607
1975,62.60032,62.136513,62.335262
1976,62.53405,62.51196,62.335262
1977,62.20276,62.51196,62.40152
1978,62.710777,62.578228,62.158596
1979,62.60032,62.60032,62.224842
1980,62.335262,62.688683,62.35735
1981,62.379433,62.6445,62.346306
1982,62.423607,62.60032,62.335262
1983,62.799152,62.46778,62.158596
1984,62.478874,62.500916,62.235886
1985,62.158596,62.53405,62.31318
1986,62.60032,62.51196,62.20276
1987,62.6445,62.545094,62.18068
1988,62.688683,62.578228,62.158596
1989,62.445694,62.335262,62.40152
1990,62.489872,62.158596,62.51196
1991,62.53405,62.489872,62.335262
1992,62.60032,62.357357,62.35735
1993,62.66659,62.224842,62.379436
1994,62.335262,62.60032,62.31318
1995,62.32422,62.511963,62.401527
1996,62.31318,62.423607,62.489872
1997,62.489872,62.092354,62.51196
1998,62.445694,62.291115,62.412567
1999,62.40152,62.489872,62.31318
2000,62.423607,62.51196,62.423607
2001,62.62243,62.589275,62.20278
2002,62.821247,62.66659,61.981956
2003,62.51196,62.51196,62.224842
2004,62.51196,62.556137,62.25797
2005,62.51196,62.60032,62.291096
2006,62.42361,62.556137,62.346306
2007,62.335262,62.51196,62.40152
2008,62.40152,62.60032,62.224842
2009,62.327908,62.570866,62.313187
2010,62.25429,62.541412,62.401527
2011,62.18068,62.51196,62.489872
2012,62.423607,62.62241,62.26901
2013,62.475147,62.54878,62.291092
2014,62.526688,62.47515,62.31318
2015,62.578228,62.40152,62.335262
2016,62.445694,62.46778,62.335262
2017,62.39416,62.46778,62.372074
2018,62.34263,62.46778,62.408882
2019,62.291096,62.46778,62.445694
2020,62.31318,62.567184,62.379436
2021,62.335262,62.66659,62.31318
2022,62.42361,62.545097,62.31318
2023,62.51196,62.423607,62.31318
2024,62.567184,62.368393,62.32422
2025,62.62241,62.31318,62.335262
2026,62.423626,62.45675,62.412567
2027,62.224842,62.60032,62.489872
2028,62.66659,62.489872,62.158596
2029,62.51196,62.66659,62.136513
2030,62.489872,62.379436,62.31318
2031,62.40152,62.291096,62.556137
2032,62.246925,62.51196,62.40152
2033,62.66659,62.40152,62.335262
2034,62.66659,62.40152,62.335262
2035,62.40152,62.31318,62.35735
2036,62.158596,62.777058,62.224842
2037,62.578228,62.489872,62.246925
2038,62.523003,62.58928,62.324223
2039,62.46778,62.688683,62.40152
2040,62.335262,62.379436,62.40152
2041,62.556137,62.84334,62.136513
2042,62.31318,62.335262,62.445694
2043,62.31318,62.246925,62.578228
2044,62.73287,62.578228,62.004036
2045,62.335262,62.60032,62.489872
2046,62.46778,62.51196,62.46778
2047,62.423607,62.578228,62.291096
2048,62.556137,62.51196,62.31318
2049,62.62241,62.26901,62.335262
2050,62.556137,62.489872,62.335262
2051,62.688683,62.66659,61.95988
2052,62.66659,62.46778,62.31318
2053,62.445694,62.379436,62.423607
2054,62.246925,62.489872,62.445694
2055,62.445694,62.578228,62.423607
2056,62.379436,62.335262,62.60032
2057,62.335262,62.60032,62.31318
2058,62.46778,62.6445,62.136513
2059,62.291096,62.423607,62.6445
2060,62.51196,62.51196,62.31318
2061,62.6445,62.489872,62.158596
2062,62.57823,62.57823,62.19172
2063,62.51196,62.66659,62.224842
2064,62.66659,62.335262,62.335262
2065,62.633453,62.500927,62.257973
2066,62.60032,62.66659,62.18068
2067,62.489872,62.423607,62.40152
2068,62.500916,62.556145,62.31318
2069,62.51196,62.688683,62.224842
2070,62.66659,62.578228,62.158596
2071,62.445717,62.500916,62.390503
2072,62.224842,62.423607,62.62241
2073,62.777058,62.66659,62.114433
2074,62.633465,62.57823,62.224846
2075,62.489872,62.489872,62.335262
2076,62.401527,62.500916,62.368393
2077,62.31318,62.51196,62.40152
2078,62.60032,62.60032,62.246925
2079,62.489872,62.489872,62.31318
2080,62.688683,62.423607,62.335262
2081,62.35735,62.379436,62.40152
2082,62.18068,62.423607,62.66659
2083,62.60032,62.66659,62.224842
2084,62.423607,62.489872,62.423607
2085,62.53405,62.62241,62.31318
2086,62.423607,62.423607,62.31318
2087,62.335262,62.688683,62.31318
2088,62.46778,62.46778,62.445694
2089,62.53405,62.445694,62.335262
2090,62.291096,62.335262,62.6445
2091,62.40152,62.51196,62.335262
2092,62.31318,62.246925,62.445694
2093,62.51196,62.423607,62.40152
2094,62.40152,62.423607,62.489872
2095,62.46778,62.35735,62.40152
2096,62.40152,62.445694,62.489872
2097,62.092354,62.688683,62.66659
2098,62.489872,62.62241,62.291096
2099,62.556137,62.445694,62.40152
2100,62.40152,62.51196,62.35735
2101,62.556137,62.31318,62.246925
2102,62.688683,62.66659,62.114433
2103,62.35735,62.60032,62.489872
2104,62.688683,62.46778,62.246925
2105,62.158596,62.688683,62.489872
2106,62.51196,62.379436,62.35735
2107,62.40152,62.335262,62.46778
2108,62.40152,62.710777,62.136513
2109,62.688683,62.53405,62.092354
2110,62.60032,62.60032,62.125473
2111,62.51196,62.66659,62.158596
2112,62.445694,62.423607,62.40152
2113,62.379436,62.379433,62.45674
2114,62.31318,62.335262,62.51196
2115,62.688683,62.66659,62.114433
2116,62.58928,62.65555,62.257977
2117,62.489872,62.6445,62.40152
2118,62.335274,62.57823,62.445694
2119,62.18068,62.51196,62.489872
2120,62.489872,62.35735,62.35735
2121,62.401527,62.35735,62.434654
2122,62.31318,62.35735,62.51196
2123,62.777058,62.578228,62.158596
2124,62.65924,62.526688,62.210125
2125,62.541424,62.475147,62.26165
2126,62.423607,62.423607,62.31318
2127,62.379436,62.688683,62.40152
2128,62.39416,62.615047,62.379433
2129,62.408882,62.541416,62.35735
2130,62.423607,62.46778,62.335262
2131,62.556145,62.567184,62.180687
2132,62.688683,62.66659,62.026115
2133,62.523018,62.51197,62.22486
2134,62.35735,62.35735,62.423607
2135,62.51197,62.42361,62.357353
2136,62.66659,62.489872,62.291096
2137,62.589275,62.57823,62.202766
2138,62.51196,62.66659,62.114433
2139,62.51196,62.66659,62.246925
2140,62.710777,62.60032,62.18068
2141,62.40152,62.578228,62.31318
2142,62.335262,62.31318,62.489872
2143,62.40152,62.53405,62.423607
2144,62.51196,62.51196,62.31318
2145,62.423607,62.40152,62.335262
2146,62.688683,62.66659,62.20276
2147,62.379436,62.46778,62.31318
2148,62.53405,62.40152,62.335262
2149,62.489872,62.423607,62.291096
2150,62.40152,62.60032,62.40152
2151,62.688683,62.445694,62.18068
2152,62.423607,62.556137,62.31318
2153,62.6445,62.46778,62.158596
2154,62.556137,62.62241,62.31318
2155,62.66659,62.31318,62.158596
2156,62.489872,62.31318,62.379436
2157,62.51196,62.379436,62.423607
2158,62.335262,62.84334,62.136513
2159,62.688683,62.754963,62.004036
2160,62.688683,62.6445,62.070274
2161,62.335262,62.865437,62.31318
2162,62.46778,62.489872,62.31318
2163,62.40152,62.60032,62.379436
2164,62.291096,62.379436,62.40152
2165,62.6445,62.51196,62.26901
2166,62.754963,62.53405,62.136513
2167,62.60032,62.51196,62.335262
2168,62.31318,62.246925,62.6445
2169,62.423607,62.51196,62.31318
2170,62.224842,62.335262,62.578228
2171,62.136513,62.423607,62.66659
2172,62.489872,62.35735,62.35735
2173,62.291096,62.688683,62.489872
2174,62.51196,62.51196,62.291096
2175,62.489872,62.46778,62.31318
2176,62.60032,62.556137,62.335262
2177,62.60032,62.53405,62.257973
2178,62.60032,62.51196,62.18068
2179,62.31318,62.53405,62.31318
2180,62.45675,62.523003,62.32422
2181,62.60032,62.51196,62.335262
2182,62.6445,62.578228,62.070274
2183,62.57823,62.578228,62.1586
2184,62.51196,62.578228,62.246925
2185,62.489872,62.40152,62.291096
2186,62.58928,62.489876,62.169647
2187,62.688683,62.578228,62.048195
2188,62.58928,62.53405,62.169647
2189,62.489872,62.489872,62.291096
2190,62.489872,62.51196,62.335262
2191,62.519325,62.475147,62.3279
2192,62.548775,62.43833,62.32054
2193,62.578228,62.40152,62.31318
2194,62.423607,62.51196,62.40152
2195,62.445694,62.48251,62.394157
2196,62.467785,62.453056,62.3868
2197,62.489872,62.423607,62.379436
2198,62.401527,62.324226,62.46779
2199,62.31318,62.224842,62.556137
2200,62.45675,62.324226,62.4457
2201,62.60032,62.423607,62.335262
2202,62.58927,62.45674,62.257973
2203,62.578228,62.489872,62.18068
2204,62.523003,62.45674,62.302143
2205,62.46778,62.423607,62.423607
2206,62.246925,62.578228,62.31318
2207,62.31318,62.35735,62.40152
2208,62.556137,62.489872,62.335262
2209,62.445694,62.35735,62.688683
2210,62.40152,62.40152,62.158596
2211,62.26901,62.246925,62.51196
2212,62.710777,62.489872,62.158596
2213,62.578228,62.51196,62.335262
2214,62.136513,62.51196,62.31318
2215,62.51196,62.556137,62.335262
2216,62.578228,62.53405,62.291096
2217,62.445694,62.246925,62.556137
2218,62.489872,62.578228,62.26901
2219,62.335262,62.821247,62.048195
2220,62.35735,62.489872,62.335262
2221,62.246925,62.688683,62.31318
2222,62.60032,62.35735,62.335262
2223,62.51196,62.66659,62.246925
2224,62.51196,62.6445,62.246925
2225,62.40152,62.556137,62.35735
2226,62.66659,62.60032,62.335262
2227,62.46778,62.60032,62.31318
2228,62.578228,62.31318,62.335262
2229,62.51196,62.66659,62.136513
2230,62.51196,62.46778,62.335262
2231,62.423607,62.51196,62.158596
2232,62.489872,62.51196,62.26901
2233,62.51196,62.291096,62.51196
2234,62.335262,62.556137,62.31318
2235,62.35735,62.489872,62.335262
2236,62.489872,62.004036,62.51196
2237,62.335262,62.62241,62.31318
2238,62.46778,62.40152,62.423607
2239,62.556137,62.46778,62.31318
2240,62.51196,62.6445,62.31318
2241,62.51196,62.60032,62.18068
2242,62.445694,62.35735,62.445694
2243,62.40152,62.423607,62.423607
2244,62.379436,62.821247,62.136513
2245,62.40152,62.51196,62.335262
2246,62.46778,62.489872,62.291096
2247,62.66659,62.40152,62.246925
2248,62.46778,62.51196,62.246925
2249,62.489872,62.158596,62.556137
2250,62.46778,62.489872,62.26901
2251,62.754963,62.40152,62.246925
2252,62.66659,62.489872,62.246925
2253,62.423607,62.445694,62.335262
2254,62.489872,62.445694,62.32422
2255,62.556137,62.445694,62.31318
2256,62.51196,62.35735,62.31318
2257,62.57823,62.42361,62.25797
2258,62.6445,62.489872,62.20276
2259,62.578228,62.62241,62.158596
2260,62.456745,62.57823,62.28006
2261,62.335262,62.53405,62.40152
